41337
63155
78978
19959
86628
10030
65989
48295
82318
33826
52484
51519
17242
39503
59719
94308
8445
17487
62115
62693
46111
26502
53235
20618
95749
82701
77506
90351
97789
11131
54741
78518
27989
53479
60951
48267
10953
41009
28856
13147
2670
64740
52194
85612
33034
91523
69072
81457
70097
41670
72777
93360
5425
45169
84823
3670
36179
25477
89741
57643
46637
81839
70873
62254
44183
76887
82315
4147
16720
94272
58805
14625
41678
16817
58906
60888
604
25350
15596
36194
83202
10169
43593
2689
68696
64297
66052
6237
4419
54899
49590
45863
70037
17016
54156
92514
34982
76569
49222
87976
36632
24012
88656
29444
81366
42517
1699
65251
12316
5121
89688
92488
55189
31088
11980
79355
22651
25962
87586
72342
84582
91607
34269
61883
65938
24200
70299
94278
80162
36210
77756
30124
89971
1066
47435
2857
43009
51873
44012
68992
21718
78007
7552
15294
56793
91062
47749
93338
30304
62285
83334
19005
87363
49142
41014
13464
88045
10412
72378
86021
72208
22338
4296
40647
20052
95809
74803
45518
38201
76099
7315
33160
48874
44024
8266
42254
64627
87654
43624
45536
35501
18246
85943
75512
66961
97940
78190
83710
85041
31506
90870
38299
12810
52790
740
60177
39678
27929
64190
85576
84693
98366
60899
84614
73321
86600
37142
24775
55112
58846
21835
79501
98854
63897
83525
34991
28527
93680
2501
1203
13712
99063
39079
83151
71189
10836
55529
39121
53653
89257
57261
17536
81949
75009
84275
46814
4572
63748
88938
42391
61891
71695
97248
35295
59157
63329
2438
90436
94645
26084
69399
72155
56732
33001
37667
12361
41815
15004
32637
44111
81763
12466
94595
19308
51325
44170
52285
54987
71417
15400
14390
39890
31219
30354
49199
1721
76545
11217
64958
61324
29479
44841
11012
90092
81179
77880
16050
61946
11792
30267
27322
27268
11022
4544
71272
26846
56005
71044
82626
23695
8004
63220
929
49328
91007
49060
84031
60768
21115
82340
27392
21474
25275
74967
17262
38461
58673
12451
7448
56982
23006
46136
43305
13833
49236
15612
34729
75142
58071
23299
11621
83658
50020
45000
95062
36351
55018
59338
17056
25319
7211
85110
99668
68425
49696
98292
1323
8794
54251
34026
69917
10370
51591
65821
29285
32084
84139
41120
49197
15245
27673
13761
85681
52184
7469
63501
71120
2112
21961
69806
80312
66752
81133
28927
97884
71975
78653
57308
81849
44940
64205
32974
50376
97276
21258
41285
54682
54505
85742
80269
69725
55642
1308
38224
1350
89011
9645
89455
54622
57917
77092
46098
30039
96145
42879
76418
68131
30885
51053
79287
88328
18637
64718
59073
7074
6908
19558
46182
4057
16337
57147
2967
66496
72356
25988
57660
30981
11214
86952
8526
43032
75710
85346
91607
30690
52746
60380
65036
65831
18441
25055
9451
52963
17557
98757
36528
27925
99303
50961
20959
54350
15155
3166
33781
28743
29140
27091
78674
26563
85411
31135
8170
77486
98880
85725
75142
66120
26997
79580
62660
95317
71111
66625
39456
15894
88525
6468
42003
80641
10255
67963
9986
70730
17550
23001
84932
81696
24030
26629
76329
54204
44124
52363
10888
32535
28640
30526
87113
57957
57183
11527
39567
15842
76263
41121
71836
99286
49859
19720
37026
27906
63333
57875
36065
23140
61409
8898
3107
8990
39031
75688
32325
42621
8802
74544
83730
97298
9131
5547
932
31184
15971
49656
91943
96038
28902
92553
49625
79364
77543
449
83971
88755
13101
83017
32967
55635
47233
21398
17825
306
66695
92100
23197
49168
77764
81229
22301
56141
96100
76242
94336
88731
53659
79229
64684
23201
47396
65087
36016
85784
99042
30592
68272
41542
96316
66300
45317
75938
26877
38621
39712
74955
30780
55829
29611
64318
28404
98964
69618
63202
22544
57686
86295
13290
43843
44787
8761
39050
53543
66040
41516
59715
58244
3710
47128
1181
66195
80102
166
10564
48794
42399
53288
36310
87165
25785
11197
28360
93633
95371
40580
30868
94913
13038
72375
44079
58910
38096
2089
20693
93051
86096
52336
18674
84952
76974
95138
33407
63828
92980
22440
47060
58136
277
42603
18451
45774
8070
95306
67387
5412
83736
39659
87621
36126
44868
85647
19442
20418
20443
68897
66866
23643
3751
95611
25701
47411
9302
13794
11275
22704
59109
58095
80661
15645
93183
4285
35498
73905
49544
3459
93019
29615
53386
41990
73510
35832
27431
20627
35329
52805
48757
96036
27763
28525
13154
78523
29714
10476
93936
19141
30198
6545
65507
60305
62923
99436
33358
94799
67529
2840
50263
7950
85859
58935
36774
50857
88834
24241
57599
74553
17746
9400
47268
2344
45126
74796
59846
17934
18121
73169
52846
44773
79369
15450
93533
97054
73490
75236
63134
51115
51237
15051
43145
35149
2535
15274
9045
1444
65423
31070
27108
5688
21203
39962
36926
55799
20707
86039
58009
90378
32965
39770
10876
1778
88919
91417
91373
72586
80044
29823
10644
62867
77811
10747
77328
77813
44987
60839
97131
78278
4092
83357
60327
38111
53587
5891
70155
62904
2072
84117
70299
88220
84989
11137
43812
15934
26332
36304
59154
84634
61649
39507
38380
28912
14054
86250
37549
36945
59267
50370
10774
84416
24524
44384
7792
12705
87011
6897
9902
33949
26028
18503
31259
24003
55882
24892
25385
25501
70111
92428
26580
50026
59840
43159
30811
81104
7560
99603
36860
49301
76553
48113
76120
60456
65751
98806
9116
96946
15712
48625
20584
10399
32460
94884
8030
8632
86494
44172
92859
47754
27579
94955
50190
79885
18354
17309
26499
90489
25723
41596
44872
89009
34824
4818
45834
9017
78292
554
71222
17813
69922
57146
30400
60795
88691
99208
94681
53318
81172
49247
3581
5279
84379
61206
29511
45383
64722
67507
63345
88794
21354
14742
36046
5038
76609
75226
51381
89410
1477
48092
67888
10547
99128
23231
45729
46687
60505
37475
91948
65704
21040
77633
74648
63683
92204
57312
10863
17837
85648
38545
17646
571
17886
1401
50485
59753
25735
9208
33369
74099
17318
50751
15408
42565
21818
92142
61
79700
14085
14043
12474
34621
73032
97186
55489
57452
72763
53681
10092
19108
37185
32940
26765
4627
32877
14769
53813
85749
88368
22868
22141
34297
91634
35764
57376
47607
19927
13256
56810
69569
73756
80147
48065
68314
11995
4566
45691
32805
27964
18403
33593
73406
56456
56018
11245
21163
16379
26395
12887
45816
5583
56960
31442
77504
42819
58379
40961
78915
29873
368
29943
87070
99911
96333
62093
29822
79619
92884
22236
33012
46489
22371
11406
79540
59522
48529
99307
91713
57698
40772
18589
56572
280
94310
97838
44859
84419
21239
69606
63205
64180
1722
47929
50208
74679
44766
44977
44399
48291
47546
67753
60516
71425
20811
34483
57421
58214
36102
19420
24993
22538
36356
58619
3549
55785
9282
86685
59505
56883
22584
544
79748
51595
93490
63644
38914
82937
31234
31189
52256
31736
72549
87349
57012
92376
1318
17274
78193
90309
62209
35621
26142
93916
72388
44871
9782
99751
24438
84575
31299
77362
64323
66832
58904
23975
97229
22933
75161
97523
795
79659
61010
91303
12685
53065
73379
23334
74236
20899
61857
31818
45867
82405
53988
45599
42427
51933
5330
24889
79760
34786
71117
1066
43127
43973
17801
73399
64292
48686
66828
3197
44338
15679
29643
70709
16865
81868
94127
92889
63153
1393
17878
3385
76339
65576
62954
59896
41035
87525
89171
70504
82655
57880
3160
40008
13662
26092
19833
1754
38754
17134
77283
64071
98232
27369
59462
84272
28218
78192
8648
58392
12081
56609
50901
47220
65811
18621
50952
55512
74117
9103
10074
36112
85256
51422
9940
49583
54054
4698
5551
22903
39766
64798
84976
20764
81203
57516
47519
23705
65218
50990
23320
6923
85391
57451
30085
30090
29249
97638
78800
57149
43556
72039
67985
49439
62302
87849
91139
76345
2777
7642
76053
8016
55359
83708
21413
44197
50049
53775
79319
24759
75212
38854
39493
99158
97402
75273
78144
59237
13613
75437
88075
88136
51504
1999
46858
33602
94634
52045
92892
89092
44629
85546
76836
60921
88450
474
34706
53813
23986
54749
35754
45489
19433
23146
50819
61528
64925
39439
5639
77860
99316
94232
42161
90011
66836
6718
64209
62748
25715
9514
35210
76554
1896
18159
33539
13360
79110
48921
58860
19468
12157
60696
58116
86001
88890
45467
69387
73639
82534
56462
62198
73650
8831
35165
24189
59577
73082
6840
4741
68561
74563
90075
24333
46614
44552
28051
73604
9432
165
9370
97626
46920
51924
76015
93207
63360
86673
28662
10243
99213
6957
26558
99851
8455
88571
36963
69083
52341
81668
58958
9922
9749
17171
25200
37567
25049
65379
29535
32348
47073
4557
90908
86212
78361
79018
57228
62792
83137
66274
61088
17667
27532
90918
81050
85604
75065
6630
50867
19093
6233
32459
17985
26291
21795
70602
26216
10059
66220
16622
30950
25498
22877
25271
8393
44351
82758
12003
44774
62071
14001
88842
15996
30662
97458
6610
69112
75445
66191
5371
67216
95509
61994
89902
52801
44466
84994
12159
87649
64056
11065
23551
61651
60193
96296
6636
44463
94070
91354
1052
62382
2412
24140
55671
7857
64152
48013
14088
65142
83950
58690
9776
79331
73421
2294
66021
17063
79760
47318
70052
84653
17163
76457
97950
10859
6771
93222
18768
53766
99729
64405
74468
48990
70485
55580
91390
3941
88673
55912
59405
24803
6736
68700
29448
71057
67543
98911
47425
61144
22753
55401
94157
35835
10814
61005
57591
77485
35426
12059
23515
89197
18417
40628
62168
61076
55102
91526
68637
81364
31689
49046
88586
11974
92893
14153
81282
19783
388
88620
65392
91545
9236
78745
9283
98082
55811
90875
67104
69017
78648
60946
50924
91300
48327
2890
21137
48836
43673
71133
44126
41687
74544
37963
58091
80676
80543
6337
59063
11100
91793
50665
43088
10861
57255
13312
90418
519
63591
52684
82954
31366
81137
37492
30842
32845
87727
75576
66054
24040
17319
30638
27644
70208
44364
71794
17764
66340
99977
35526
74475
13969
95713
83821
41637
23589
23825
12912
56042
90008
90990
88829
51566
72743
59449
78329
42471
94944
9816
65997
19810
83021
89739
61139
73292
88132
33809
62046
50508
14420
50375
50887
30691
3601
48635
14269
48119
29322
6250
20824
28948
96587
50689
84869
1537
62909
55087
5721
17638
79331
7747
86137
43186
200
8041
54483
12600
75228
53933
54855
67763
49332
46800
53017
78316
6730
15929
50266
75865
73770
34352
2931
50347
16770
95102
42654
89901
41123
43866
23742
58370
2861
3845
26599
56832
23513
3077
91466
95169
35658
67633
63434
87730
60756
42527
42844
51831
85826
18414
76097
35525
58139
41548
59604
50923
22779
20047
62464
21709
67778
25116
62792
92901
99274
30336
24098
10335
62909
99866
64936
83325
11258
89235
22643
67068
34474
75970
42511
17837
10468
57158
57366
44992
78454
55315
37194
19089
2301
15316
22588
42405
82801
31420
11869
34552
56898
33127
10385
35705
52250
68397
22416
58823
96373
38546
81471
29839
95284
23290
19840
22661
82860
13529
44709
6931
19029
27859
81050
17480
49260
99819
4069
44415
81309
25909
18075
3112
79336
40418
70913
53586
46955
65751
13077
8299
75066
16769
85218
70498
65129
90903
34929
50367
44241
51308
53680
80860
359
10589
97954
6352
44758
56241
84466
2862
91119
10542
68741
75757
64893
22852
61033
85714
59061
26303
56183
12718
42668
61586
77381
46526
83962
29571
18160
48006
58557
25455
14058
50226
83394
91070
91409
27021
40497
80555
48752
98358
60018
8331
86140
64354
95458
71224
15210
86809
73179
87062
22969
95345
33247
97779
52179
36182
17217
81075
55491
88594
40218
95055
80851
31789
88964
5825
69445
5504
3676
10445
50040
45817
97882
12836
58783
48606
21113
51761
43134
92724
56188
87465
7785
50248
72594
83181
70831
99092
85167
50112
89960
48746
90924
58669
69142
78197
20078
77583
91655
4767
19534
60697
54634
55872
75499
67724
48727
79271
32778
2260
99286
85216
61682
70522
50
88717
47566
84432
38113
68054
10354
82520
92590
24545
8460
15896
51251
3948
75413
57848
95381
20671
91203
90186
14762
3486
79357
84572
71503
47629
62735
62337
76037
30715
94338
88320
14402
75389
43143
78106
65109
43205
94117
86590
18109
442
75190
76321
18413
71870
53210
19689
59339
45120
4682
69367
84686
67034
70361
4481
21279
81671
17427
23204
84036
12607
31119
70937
81610
43917
19916
21992
22372
47079
6343
43537
53118
13729
61578
86300
34835
94456
47952
17840
34760
16333
32344
59542
40628
22153
26317
38419
52432
69589
68867
95703
5822
35693
29598
16215
87118
72799
70442
44011
84123
33074
82344
18725
13796
63091
4612
34259
28004
94251
83319
46675
80314
20553
74383
48713
81023
66724
29885
58643
89640
53117
89055
64334
37640
73935
88158
72447
24412
17789
37946
13061
39847
38624
30465
65659
47139
37686
67619
10348
81581
71504
94901
7671
53153
95111
36768
11355
78117
18613
71449
71049
75945
9463
49392
99111
71939
67098
44153
4845
43228
46170
84363
95322
51382
61264
95941
68468
44138
3955
6094
59673
41703
16666
5912
24269
55817
32875
13940
14810
14861
54647
53144
19899
19330
84386
70845
45641
59481
75480
98082
27903
18279
94758
56942
47320
43835
39239
67362
75175
13418
53356
72962
74563
46088
72660
89794
65349
33812
60788
15302
52581
61432
65515
76399
69370
86931
93097
2635
30523
78799
31652
55949
62279
30323
42300
50714
50895
46440
92182
39804
170
45617
69458
12281
37886
2785
83925
36527
5322
38278
61862
10684
85855
72908
20901
67422
70686
47378
30130
84692
81886
53424
19234
36515
33639
96635
61249
30917
58066
37053
10739
77954
71525
79222
11145
37788
21409
76579
78710
1891
82663
84610
57533
71935
40472
33859
68246
60551
9729
61263
9414
20547
58604
56777
83279
68038
53219
18876
63176
6344
15667
20564
70601
46627
5754
50919
73997
7786
23045
46713
63200
94834
6610
4395
26629
58077
62178
52846
79110
79405
23137
27087
71662
6412
97837
59377
34362
51898
11089
10686
31004
81078
91552
49229
58215
61687
95680
11229
95726
38680
89955
66119
92621
89564
90580
78868
85644
56832
93379
13102
25953
30457
62612
91379
27522
84047
58675
41537
86301
24863
56206
6443
52283
90730
81237
32773
24901
2238
64177
46279
46604
42808
88726
90576
84267
72482
21119
35983
71146
51366
4985
15520
43359
15138
73668
88234
98493
45774
29541
1925
1977
47205
37417
92225
80159
33211
7320
17379
88338
24820
41265
98198
14610
24643
67055
10751
44692
94185
78628
31668
54803
30035
87243
57655
94095
73535
52773
85367
93114
99666
39609
25261
67812
65111
79313
56421
63514
43399
11152
65722
45927
7063
43707
30292
97168
99949
28609
724
25371
36759
93140
37967
27813
91581
71696
5175
63768
65929
61660
80141
19826
57469
9171
28969
4857
14568
45548
52000
81359
74349
96000
48052
97550
91918
22952
64246
64617
41148
69925
56006
3872
44032
74637
27371
81866
84989
85921
77580
10770
94400
36516
31291
37670
26471
28088
4305
86313
45218
5637
69448
98384
75962
51689
12138
77253
48546
19345
80301
23226
27117
39941
23157
53362
46873
99844
90746
61289
19681
50031
22977
92511
6123
53753
69307
85357
78150
33407
57439
53761
30337
77190
29426
22683
85309
38838
54846
17442
12133
6147
29339
84213
89346
14711
52183
73524
37190
15598
53354
16897
93875
888
80813
30351
48655
1702
6603
54571
98137
64267
21724
66134
53995
42417
25102
20469
48481
99627
33681
24652
20967
14066
45673
80339
88204
66103
77669
38257
49946
61973
50357
76799
47187
6293
70650
43297
85951
29152
99501
36374
49470
70338
38510
65195
71754
86823
13639
5834
3112
98943
70044
76441
95794
53641
29427
67672
84942
71797
43852
40493
18595
28553
22979
12342
46625
26757
93216
90804
82740
54862
42212
49363
98420
29624
74140
68581
39372
17573
43388
19614
4015
29452
61301
18235
86609
13908
45628
29545
84414
86056
92081
74009
93921
14045
44070
30259
83238
99011
44366
56605
27481
18964
19316
27984
41448
96779
61827
38841
7322
19090
86991
48634
43948
92493
48579
72199
35917
49253
79243
34852
68103
23600
4602
49568
67451
89109
96275
64676
35135
44917
43579
50003
68832
51857
34193
92613
8541
98543
74229
37909
95801
47449
78861
47981
93150
98480
73048
88011
98602
64005
43235
83216
14000
11986
80345
96890
13240
5168
56337
48088
36591
79354
60025
75504
74382
28549
77989
74331
28115
86814
91504
84745
39002
18236
61620
4728
77125
93968
94282
77787
89934
3237
13901
348
30030
63361
38249
95506
69935
11756
33546
39327
56431
17376
17796
55078
18943
62660
84288
10269
68771
45078
60270
75386
99002
78103
29007
9119
53524
72752
30366
63290
87292
36910
58044
70938
23433
68939
97439
76357
37490
61604
840
37397
45513
4513
23167
65876
76973
5049
73512
58504
12587
91367
1413
99809
94063
24336
39045
7712
8372
20854
48847
21201
852
90934
29297
80845
40902
37781
17220
14359
36346
70778
16890
15395
39325
56445
37010
82943
69783
99543
6047
96219
32086
49404
82597
27652
6912
79038
2439
68738
19419
73647
20733
77913
46
47926
12478
88802
39685
80007
62405
18130
29733
23429
61284
87256
1828
82976
73502
65386
94687
82682
94442
33644
25046
2627
91954
48958
84996
49732
93356
37
25085
42719
7840
80034
19820
73262
60158
83653
30872
90212
61653
24265
99480
1382
66769
55664
3044
13750
61688
7483
29893
89859
57628
92044
56206
76024
90706
23733
93918
53367
37594
34968
78810
35554
91801
89762
64624
29298
67304
67495
66009
4003
7075
74653
37865
9125
30311
83291
45468
48772
65090
27748
46687
93054
80896
48563
87341
91699
67301
33457
14313
88773
76253
3584
77837
47794
73784
17986
40382
52936
30138
9146
72159
15168
65790
37571
32696
27834
42797
91932
59580
23059
38051
76834
56275
5465
60786
82845
66329
81298
3247
93825
61362
1614
18959
89431
63342
17721
60060
79337
21188
20593
60371
42650
96075
74736
37373
81220
9221
31588
91184
43629
57793
9250
63107
35953
6827
39571
39518
2010
58467
30915
13456
72341
85559
15220
20166
96527
31694
44969
40483
71041
46809
80352
22851
72273
1671
22909
74287
83183
70377
30395
12429
9052
8862
40047
4118
57342
93204
46896
69362
8011
35041
9515
53008
73328
20040
99186
89767
17472
45328
28823
5451
5686
87599
89674
22655
70026
41358
61818
61533
21834
67883
17032
62002
83301
89827
30570
69550
77460
71394
70922
66864
1333
56127
50543
62015
82120
89934
98379
98197
23575
88233
45429
3673
87233
77363
33104
59635
91577
59905
28229
92432
5901
89858
86947
3474
57766
35118
11965
35124
74085
60020
65047
64780
30468
79733
33611
49199
20842
58815
45636
17024
7267
63592
82698
68362
28502
6115
64515
39869
15750
85367
99337
20723
30541
47581
82096
89196
77730
618
1028
64582
43340
38069
67791
82717
91589
54840
41481
65698
21047
33578
74673
97366
35233
20083
34362
40767
55325
32877
53823
9496
83798
17448
79885
52295
49251
63
77023
12752
99890
70744
1026
60243
32547
61841
57760
96496
24663
94962
11658
21145
76683
38570
47977
48528
60175
84270
93992
38035
83217
18232
89172
24905
91625
69197
77113
8063
20458
66553
60194
56606
1374
94893
97654
77823
5441
3579
70534
70675
94575
68728
18920
91797
90323
87464
57899
33388
31871
28501
99123
70630
2968
98493
43538
18276
38826
74036
61986
57189
95606
33541
96556
55934
21407
25317
3889
86168
28095
12754
18579
85379
68977
8644
39222
45999
51944
70717
73568
71161
58409
20441
8097
57708
90617
6646
11741
45636
470
10483
58515
69539
35566
65322
11375
52841
80303
17741
90660
73794
72260
84768
44753
18921
42284
85262
34626
47206
35286
40155
55293
2623
55168
37051
23027
39194
51808
77769
10263
40113
80738
98410
3799
24185
86049
94581
36324
48875
93862
2491
22561
65596
69936
24167
32085
10719
57484
58836
87793
91613
77672
14327
28147
46444
19499
93672
34477
45007
94341
71187
38181
5778
41983
75125
95035
81521
25619
39823
84975
48778
27387
6798
32847
77455
3282
56129
65423
14717
39765
26950
14609
23525
53896
2932
11548
4236
17600
5785
83445
66743
92428
65971
60122
1624
1547
40985
45409
14961
12642
48415
19219
65533
9118
33874
50934
20238
14069
31660
59243
93383
60164
15792
14893
98405
74158
31115
92751
68191
88250
94309
94943
6550
41787
19860
21086
66343
4275
16879
96106
46780
89094
36271
53367
80883
6456
85190
70494
26308
18878
9289
18399
37343
46388
91329
46957
5724
9400
57395
6315
28296
17471
23064
24638
81820
63249
83239
82675
48265
65272
86208
87322
98816
83485
15217
9606
82791
66407
18331
47865
54338
12311
8440
63134
10556
3386
73425
27678
51970
61952
70118
66709
45721
61287
59823
24146
68322
39509
59585
37212
31695
45707
9758
68630
15474
22761
20033
94846
18530
77237
11038
66842
47667
55552
67495
45948
96294
31212
47962
37041
18486
47983
20560
97587
1166
53995
26069
27610
94498
22768
78148
43152
34179
81802
92006
91932
43323
87346
37694
73657
67297
64593
53630
14894
83113
36495
98935
93053
52482
18434
71061
35766
88015
2569
47900
52050
4616
47733
80737
19670
96190
7177
26789
53856
74476
44815
11936
57299
60466
63298
47193
89693
9597
90061
62130
34839
84046
92605
42820
66790
92276
70954
17733
92693
40328
10423
87234
84752
99486
44215
53750
27415
76234
22343
63111
98675
11598
69192
76074
81672
59206
41132
67937
92129
25980
79981
66898
50130
92639
83607
61062
82608
2898
32163
29188
76482
97292
7343
2261
75260
84152
21192
99207
5594
7174
21792
29197
12028
17668
81827
85627
57295
99166
54291
33402
50266
93256
70484
20534
12011
95213
69935
49535
82196
31042
42243
86365
75287
11740
28153
57407
86024
38516
7513
45803
80981
83007
20617
71245
47080
59053
95952
79080
44344
40350
93807
13838
38586
53184
83484
61242
93015
98503
46804
6170
59044
22839
24270
58871
84465
22129
97341
30496
54080
30184
54772
80594
53153
23467
41807
43817
41981
75911
21600
45895
9152
68313
7494
21323
95866
18814
69359
94194
87774
44721
55781
83210
47886
17831
29032
70907
4583
77366
60498
98082
45767
15015
27956
6406
75875
61596
91442
68172
36361
37597
48046
27689
38006
28091
10115
21868
44053
95738
77568
71359
8719
90131
56791
30424
17963
25333
63792
42395
26047
300
39132
19057
97016
41173
90414
25966
26707
44783
77884
96457
9765
10736
42200
16781
30289
4581
96738
80921
28349
28386
8824
11558
58174
9446
31285
2191
25142
96229
97740
28175
11258
58244
72614
31671
97840
94640
88983
89720
22834
86895
79575
18319
41448
99753
83983
92623
5820
1206
22071
20633
57348
9025
58817
32367
42040
55030
26864
83556
62805
45767
54555
54785
21254
59978
17407
7660
95971
67025
85179
96523
34337
77201
84640
70863
15400
99699
65002
73673
21155
58250
74055
24625
1920
75571
76283
36056
56500
5910
94394
56427
52500
51244
80066
55373
99061
98196
68178
82488
84305
30231
9572
40104
7616
51653
86856
40094
91725
67703
32188
28122
84345
77933
38532
3873
99410
62406
29551
92722
17927
51603
95092
18199
92147
74621
78750
78791
27934
58116
26201
28707
94393
15666
33070
30548
88831
60623
9208
63478
67692
9258
84957
73935
67191
15549
15097
1028
40737
30762
55022
59455
22732
95071
33620
70935
24305
47294
78973
25687
4715
92653
56412
32119
83555
16295
43733
10990
83639
31038
97689
21001
24663
64115
29417
6959
74316
99647
42603
90811
45282
58339
99423
47794
90771
44171
3690
39807
65338
31322
56805
90652
40056
92779
24370
18964
6521
61425
24399
3546
43077
90105
26230
66115
27517
73504
21785
93755
15657
96975
53232
7189
15753
7963
43979
56396
73112
42727
70618
91801
52261
94084
70663
77766
18680
10344
75313
64911
96888
81814
24567
41868
47143
58467
15663
61731
18189
67815
96618
17564
7603
82362
11596
26549
85012
82464
13639
73559
38847
35748
26192
55499
74896
98765
87053
60803
8980
16464
34326
77505
18585
28235
95203
54688
65597
70181
49606
29825
82543
84605
95811
96712
64928
49612
66914
79240
43673
13935
55340
36964
836
43628
98007
61892
38201
26243
97156
45400
23155
67062
6011
16004
44439
88449
89465
22153
13247
85580
15327
4795
8594
99488
19184
25327
27297
11689
82366
67446
61623
62283
55956
16283
76785
77851
83794
99646
71792
84358
34329
68024
64900
79647
2368
7585
26883
71014
19408
9990
84145
16132
27126
74309
41706
59438
55922
71127
57687
17264
6913
6809
13320
42139
9137
36143
75355
23259
27112
8169
13773
54735
38296
17782
16908
24232
70946
87059
20491
2208
84582
45397
26946
27657
18239
71948
74950
14299
73872
54216
6508
89198
54626
45125
22365
88079
92178
60680
23149
11429
98130
75992
2267
67708
19664
86448
16364
52868
28964
45152
58548
25700
78994
1404
93670
42762
37409
57506
20089
13898
26711
72214
89041
20292
78470
39409
20385
55282
59148
7670
10020
96210
86350
60774
88384
29685
52251
94373
53655
15727
49906
94393
14225
22079
65473
52553
83124
52899
4515
45049
68528
27781
90782
72536
54180
8738
98656
87584
31547
91286
39156
18936
17989
23206
13294
46150
17498
16788
92016
40812
30859
69471
72695
29946
60501
38443
78681
33914
24580
59617
46513
59290
30465
60514
309
5336
91482
77272
5929
85997
3735
80065
72989
52704
64983
50251
62488
26820
18483
50866
54519
44353
35148
29362
71966
1447
27442
33585
5641
47180
77946
84800
9174
46549
51844
39534
65535
84889
81440
64337
4635
31007
25956
39795
32792
38732
52688
53249
13688
41898
25906
4287
82093
83105
92731
852
91027
37455
44140
81249
88748
55235
224
16380
72360
4026
48738
85592
63152
32097
47145
93765
72656
45289
42528
81018
61918
11308
94951
15406
31303
96205
26543
42443
89313
71059
67744
57284
31290
16112
65824
90199
11012
25533
81854
12422
45585
34696
35953
80896
80913
85045
92013
10253
39128
43656
30446
60441
91171
50325
8292
94611
90072
75092
2261
65104
92793
8682
40278
51510
74855
14675
11663
47676
44525
17846
63645
52370
20806
29928
38680
58865
49645
39447
85874
94859
15026
52599
50752
88326
74427
58864
97912
96538
68601
57263
81484
25361
82452
41611
2746
74955
23749
30868
79241
11624
85521
83901
34621
17601
21804
17706
90535
30472
48931
92003
38010
46521
85924
55512
77877
50694
31217
20574
11740
98200
4382
43763
18714
96341
62841
48495
84488
53567
51093
93334
65870
70249
72305
74251
78881
89268
85043
3946
11011
62157
87343
97437
97844
63112
11194
94585
70048
73839
96815
39329
40432
5672
4921
40796
80363
60154
90585
67119
34805
7340
35729
86094
25588
4118
79689
27655
77486
90551
97510
83469
37270
58999
1565
95056
64792
8864
84994
84365
98413
86856
27050
62477
89647
54773
74429
16610
40647
68964
20646
41710
40263
43094
60894
86404
82598
31080
57450
7304
81537
22386
66332
48605
16729
91018
34658
12773
18528
13071
96185
7162
66215
34804
89631
17496
13559
69334
73033
745
88910
64047
835
87881
32141
97599
51390
42107
94439
69865
57935
9178
82651
51910
99810
16082
62234
7589
11351
26389
983
24190
13546
42154
13648
55014
14956
69779
73810
67978
83089
40121
9724
79874
13057
78167
32027
97767
30371
58206
26940
92335
64105
77068
34258
9129
46940
21788
38006
49219
44855
41431
5249
43037
8698
59403
10121
66036
26228
59994
96351
52742
33303
99023
34677
74612
44853
29462
30264
56068
21024
90190
54883
65497
96536
82498
32000
77498
3283
67566
66376
2481
10679
62659
57679
85610
13430
97404
48558
57765
53350
59126
46382
51289
77542
84708
29852
21104
73764
72197
11835
89429
58671
44238
64120
37548
51807
72042
4566
97039
40227
8971
86587
82744
59561
13895
63380
91788
10951
8556
54752
14381
73299
76432
3011
38830
49723
92688
62782
98793
97868
27750
94873
22726
24556
20826
63599
29376
78999
9215
86529
33831
23511
72305
43902
75308
54441
23453
41657
1891
98854
39939
68964
58932
97096
67882
80416
25841
17650
69417
30299
32906
45879
42328
20236
57996
13022
83960
56108
86797
86036
19185
32173
83995
84691
90419
35483
21450
31404
46517
21824
31519
48052
33925
39314
68117
12011
55798
52945
75730
60564
98954
91838
1224
31107
37413
40184
12316
19535
63590
44014
20706
80300
91320
81350
84075
19354
22194
79218
30122
60147
34929
55506
55715
46277
11916
18734
74569
92691
79977
36123
56733
7863
40782
63120
64954
82886
47026
67926
27102
19059
55526
88299
4964
29553
47923
57568
7958
60140
4583
72198
81693
37217
25665
41546
20552
87289
89548
52936
15106
40446
15286
45724
89414
32541
50999
96768
87925
87310
29117
28854
29507
27180
99664
11383
31161
14251
83585
88374
5527
46188
14392
2748
42338
86635
73610
65874
42362
77456
96301
5389
60902
98039
2332
32017
64905
98961
2056
50145
36792
89341
66464
50561
13801
41617
33462
82055
34487
87300
43296
8140
56865
87012
52373
73110
51403
72862
8496
84812
95120
12665
9400
76627
51181
56709
82505
13586
63958
51467
53117
29544
82760
23664
8781
78002
61498
65589
80843
21321
15659
94306
48234
2733
74084
36355
39574
53470
36789
87147
53178
78910
68659
49612
83921
79528
91631
82329
1604
35205
19251
34271
27900
48247
49224
94383
36269
62993
24091
63599
97235
42628
60974
15241
5733
30057
9616
12724
4953
33046
19972
27901
71881
72612
2956
57552
73273
26900
54064
86037
96353
95098
31016
67774
98275
37188
2344
99595
33640
49160
76066
22652
43671
18193
62258
65142
57553
19621
63646
44795
15377
19082
48087
7296
25692
29252
46842
21231
74079
74778
63814
58686
27891
53143
74743
52582
75425
4190
79005
63380
81078
22154
84019
5165
88970
44620
25264
57351
37698
30702
65224
46248
44156
2723
64492
81372
69436
84441
43364
76100
15998
39854
90342
89989
73151
77112
72603
12549
60579
24454
69611
20790
17240
91891
20605
77823
69708
84966
67570
33668
79019
16399
10255
99409
8238
11500
94659
18707
88318
70933
63037
6272
50081
1733
7281
73335
7993
79581
65279
22579
21991
86449
4693
35814
35993
45388
14688
18394
3761
12422
39257
53115
22328
38179
30933
8738
89797
10284
84813
79903
23113
1580
82636
18391
55317
69164
39456
12840
40633
73873
55775
40232
52451
92809
86620
73712
32487
63705
98677
74553
23457
62745
68388
64195
19557
78160
7213
11233
78553
70616
13464
49813
55901
94169
12606
79458
51372
54692
21414
12393
39387
61520
15681
97993
77061
21721
31691
24528
31969
44253
8115
63346
44495
30618
35699
54325
61186
24989
48973
34880
17140
41880
54531
77943
91884
8828
54482
31753
50312
43345
49709
75865
53882
16752
3378
74177
15226
18787
87028
82014
96498
79521
97131
13828
71571
90129
64827
61523
83521
17082
97166
94514
52358
15184
29483
54515
40040
43927
54545
86188
89341
45804
7016
68926
84061
27235
78234
39511
87354
82134
4076
79561
98974
89666
85956
20473
99974
38464
99125
43655
88763
30107
42653
53051
54412
80829
41589
39473
91692
31305
81648
321
77712
60927
89697
2853
43188
50103
59015
58142
47507
58817
13195
61376
59171
50254
63229
61498
23098
75230
42645
77960
76416
95601
21127
60533
59546
67344
64358
86391
19717
47606
30944
70766
98473
71073
57753
66583
81293
51732
6116
46691
65985
36440
54284
65679
50511
93135
99527
66929
27692
33257
97272
5461
85244
5029
769
13426
15705
48767
60542
77771
33784
7699
25817
89003
69510
87484
1014
8139
3905
85315
26140
96757
14315
13080
53315
39182
91127
15543
69547
86337
47040
12123
47816
25241
66951
24212
43148
43107
34175
77596
81747
87558
87296
33344
9918
50317
32755
25598
75669
73759
35868
1872
88103
61183
22296
72677
7552
93303
78954
13779
33850
89166
11662
27470
84165
63601
98291
60965
96230
30505
36789
10250
39870
63353
94501
88154
25282
18124
32128
11541
90880
64326
38837
50433
16835
4008
64116
6786
30782
69122
34841
26172
13381
24255
27438
84156
38329
9958
96141
42873
75300
16242
26620
56600
54154
17026
7556
50362
26238
9287
57552
6973
75040
97149
71483
52243
56733
20977
29165
15270
44249
31948
28787
38683
498
26580
9839
11174
76281
66906
35047
514
45160
28776
69066
16307
33239
33172
5140
27406
72909
60503
99201
8448
56278
75233
46239
72667
54982
77679
37323
793
9829
66800
40627
11942
15102
20646
22617
22979
66167
94628
19523
59668
9020
16276
82
86415
51716
7986
53488
69605
49522
22319
98188
15326
80926
91057
17536
24508
76761
21381
46709
10677
44872
65319
14975
60764
42625
26807
28674
11054
35398
89063
96711
63116
18251
77958
58226
83220
68817
96459
28229
76996
44915
40994
31441
34578
66318
66745
81303
96367
78972
62123
92199
98823
44362
29595
40249
73848
45543
2731
10036
77705
86092
63211
39841
56335
85738
98663
57495
35431
12733
81340
28903
14754
96298
43355
12774
92281
75632
89178
94905
19930
63137
78706
16499
62435
85224
54122
97120
39236
28874
70058
30248
83065
63675
82715
46899
43903
98867
12253
18251
99963
74137
44011
12811
55585
20235
55193
29538
42541
60474
15705
43352
50196
89400
81974
96541
6401
99878
2220
82249
79662
56694
53619
58323
44152
58972
17266
79306
87708
14144
36353
65729
47252
50099
48192
95550
35843
82978
25650
37611
37749
39793
17013
22716
13726
11227
51774
12432
81129
74480
76651
21399
17561
80650
35484
98630
53081
33372
14167
45372
9649
63545
13943
9326
64626
76
83998
75604
88495
83506
3029
72170
63596
76303
71607
84582
62900
74729
64560
20495
74058
33100
87908
13098
55288
49408
1204
89620
97437
52869
42813
93845
82691
7836
40017
98774
67172
22922
3077
42068
8569
22360
13552
51012
538
33465
11216
88823
91711
89255
36708
42378
93192
27400
40548
90790
21477
26919
74005
64422
62824
56358
87828
28083
34000
77180
75568
48464
90920
48137
91249
36249
39397
14994
2655
59623
90462
98692
57854
43613
26655
87103
73725
77313
89121
58113
60724
14661
14960
11963
41681
7289
46375
27607
29241
34562
63334
98263
40190
4855
43056
89495
28788
92827
8331
32705
45516
70314
90479
14252
55007
92313
93145
51439
25196
69948
82443
87205
4100
60181
64880
13113
81156
5868
60111
56174
8677
81448
8933
83774
40422
31318
91620
35508
13691
30078
1145
12242
88661
21187
58950
73613
2544
86585
74806
54688
94661
87533
95428
82541
3187
5567
98333
76935
68224
68523
17236
81531
88826
18819
67943
60295
7370
83053
82841
10113
65232
40694
74886
73715
23313
19772
76904
24381
39943
86124
82707
89454
46809
15289
51243
23813
20614
63489
11627
70335
22074
39864
99971
47423
73712
91224
22161
15183
71648
55994
20126
25508
75826
58737
20064
45491
33533
67712
58676
53879
55458
18644
82491
18866
51463
84423
10513
98924
54473
10197
93834
81596
73274
10220
7163
74757
91487
48042
58660
59194
72326
58565
33837
31477
14697
77471
54234
61187
44409
13998
13766
96442
74064
78944
51475
44495
32847
94639
14922
9279
6868
13727
31379
65614
8418
94355
30477
24203
41043
82411
82368
61318
44266
64923
74386
98201
6800
80073
88342
54195
56770
96073
86351
31930
69864
33208
31818
1342
94825
78156
86756
71756
78818
93270
91539
96201
86327
40940
3133
39075
59728
25123
97458
77017
70767
34085
78950
76588
25882
46559
34831
71348
24770
27789
45652
65139
83595
82168
2618
79649
61246
55275
85942
24999
34605
3905
86678
33581
86111
34723
88972
12046
79358
48818
43288
26298
48134
1292
96355
41225
50605
38405
50597
46706
47186
64102
7009
40344
55060
43390
19706
89129
95867
82612
30250
11142
29041
29393
70250
39069
98578
58436
57975
55380
98142
76490
66768
87158
7390
95433
3895
48060
64636
70116
2576
9618
90308
1408
72047
57895
89397
54941
50827
60272
92068
14934
75115
82438
56112
10647
95441
51214
32576
84132
6161
76399
13003
48791
76
81345
23767
78827
78012
28269
70934
24441
63387
11742
96998
14926
83500
11425
52494
95412
4150
88672
97153
75019
38342
1532
64537
27877
19307
44315
98679
30435
94346
60925
92398
94975
86480
47056
37183
36935
45314
1462
91627
27300
63846
29793
54281
13503
58481
24479
48766
90407
96960
47915
44613
87674
93641
81754
2425
39510
11876
75704
82714
62335
11909
2190
19064
34915
64555
20748
99409
57020
96499
11862
64861
97863
36722
84590
86475
35709
41152
29552
14492
77347
470
90230
30367
83883
98160
90783
19802
83174
36132
35212
88137
24172
70654
1522
78645
53209
16787
59210
46492
86817
13704
38209
62480
19267
78819
39769
88256
48786
46562
7463
33520
87021
70955
3685
42990
17190
47445
55417
63680
87877
7291
90602
26656
49521
9082
10091
27514
40852
60135
91778
30006
74255
88029
67018
70692
92681
89154
31449
43777
49580
45907
70326
83046
15730
50979
68348
35014
91091
53911
94089
18202
33519
79431
36584
68939
83379
60026
35354
52456
62276
46448
11388
43310
93295
47306
37603
49865
75942
38860
79014
85012
39903
56451
49135
88790
87045
87244
92334
10132
84922
2977
61022
35540
56622
53412
69611
56544
92744
78703
23934
84990
32249
65443
73858
22983
84355
44945
13117
69724
67561
51653
68216
66100
33738
99573
4818
91601
63965
15146
76769
23060
64359
92443
5929
76436
49357
74958
901
81986
98006
40367
56863
87145
22186
94908
71370
2123
42730
18177
74240
69927
3279
58803
23552
91179
39857
44072
36241
92330
4027
5914
40824
86903
10356
68319
54739
42211
29242
11930
88321
4203
20881
31054
36568
35523
15246
33818
93674
70009
64492
86438
82144
43372
24378
59638
83588
71498
35191
50567
94548
31849
41805
70480
43305
63014
90672
24116
79671
66027
84021
98305
35961
10527
31755
7844
8919
45773
98625
39205
38334
59791
71604
56294
85833
25999
19293
71086
43280
36070
65999
15527
42923
48239
28074
31525
67572
77255
32291
75371
90643
78671
86739
35859
95426
85985
6650
10465
22812
93691
63788
57911
28869
13534
75423
7823
58575
35030
64421
18968
9772
82540
51754
4881
64201
81761
26728
39954
82129
43338
26388
41501
48585
39381
85559
65591
881
67065
32398
52350
61646
11052
24959
78253
61490
10748
32144
66757
62752
30464
68941
42697
69779
21904
4069
62195
37358
82591
62663
13116
28466
62177
44924
47686
59495
82367
66837
12200
81703
40639
97407
77865
52789
79213
64090
45737
41592
93638
69651
85327
99175
11432
68079
31022
91944
27983
40551
52043
68696
68196
32558
5245
96687
234
78657
56891
65339
58748
29439
72413
1179
4860
36441
16507
56524
83730
58710
60172
90795
991
43637
76455
12403
11704
28961
29439
71712
97634
32500
86124
32438
78608
691
49510
31625
41476
68618
46019
53906
78783
6412
94552
94873
82550
87122
51322
34509
76212
34407
30083
55340
75643
35084
24655
52099
42645
29678
7045
97778
85330
99349
14028
39949
65298
36098
67946
10227
3647
52449
87539
99518
34290
39930
65554
98489
94116
30903
38801
75117
2232
66817
48243
32793
39907
19488
58943
19390
14396
17818
19174
17904
12632
39210
47193
58251
68873
40117
39620
42514
29986
94023
16872
9872
72904
65538
43772
50045
45275
17211
15329
87448
8486
28481
55484
82684
58245
81551
23343
49485
46091
48490
75314
51785
93556
18748
13674
81499
66015
36690
30840
20644
4899
64848
58405
46572
32735
68636
51867
57859
91680
50172
67464
82824
71330
41370
36442
79638
70399
84171
23543
56665
17658
19150
98182
88727
27735
9877
31289
64175
8446
71536
47055
35977
41563
19631
57684
35141
17134
58544
45220
93885
9410
70293
74089
21315
23045
86724
73516
13047
12150
88236
45112
47386
49716
89065
16195
84487
35553
28153
41642
70177
60430
76542
85078
58211
70319
78508
60256
34499
17716
19757
4505
47115
89142
85676
90533
21804
17125
94562
83373
29077
66888
24103
38009
34036
61112
36229
16727
58445
16063
11928
51299
29471
48679
52807
32147
78494
9792
69031
72926
85853
42083
31260
90392
60159
74272
82084
33162
65811
58090
34782
2016
20882
30785
74571
83380
21899
15414
51770
45962
26067
67832
30234
5623
463
74661
33212
12419
33166
4607
21
37204
76634
48725
29579
23420
41634
63318
2140
87599
12025
87237
32874
52574
90181
98223
64471
1465
2056
28562
7143
42329
62882
45225
78854
59564
12617
98432
89132
72473
27763
73347
94478
25186
64937
2854
10543
76490
85155
70693
20959
9583
34271
68726
60532
16926
18769
30999
42312
92713
96900
77656
36403
98433
35945
74559
23292
95109
89481
29723
95770
12367
2281
60887
31326
97503
83213
2066
94417
96585
17905
52133
76927
52205
57186
43225
30236
50137
54502
74084
11949
55393
49163
3189
69524
75846
86100
64085
92747
46500
5298
3016
31843
69579
95955
59957
92263
54992
97565
1339
98191
10834
40985
37608
24685
3975
28885
43684
41941
94629
72130
35877
41391
53744
84962
36222
81447
69764
91296
45414
69998
93177
10699
85385
88654
62212
9201
28921
3990
24910
37593
73622
31405
44677
24134
50399
35043
93588
8392
24503
80537
87970
32143
11498
34860
39529
86985
72562
95402
14880
23640
60548
54192
84657
17353
29158
7562
85055
28322
97427
51900
90539
96383
9456
605
76164
64670
21167
68896
63844
84993
19632
9344
41321
27083
92881
57737
90298
57164
71317
41563
19784
61580
11075
49159
41976
4825
83182
98125
51285
32607
22396
17857
82808
59825
15433
5473
56588
97918
52453
18244
52952
93857
73639
58425
72583
47034
59523
24755
18088
12802
40215
62354
33812
39805
86269
17896
70839
63768
56461
67052
79321
28726
36125
97491
12287
18945
81180
58542
72863
21024
57985
9609
90500
17659
52323
41663
98007
64973
21678
26093
76386
49013
55995
14146
66883
95877
46891
38748
23895
55220
68615
47493
15869
3010
99946
73250
69634
26064
13272
32928
49322
11998
69975
97456
75818
88332
25745
1872
79942
6032
29153
20020
20420
92685
71625
32060
87788
44875
50526
25560
77396
54328
52375
89708
73499
23709
6443
46071
83920
69593
85830
4864
20630
28708
225
12009
7590
1523
97888
95762
57908
88623
74694
18843
58072
836
83300
5419
71810
79300
94596
95709
75089
25414
12543
75444
71583
35986
14016
4493
44996
97843
85428
49582
27118
77498
18559
38765
70673
25195
72190
5677
15035
98267
53049
72309
12022
68326
80378
7879
87938
59794
39858
79063
40252
49934
40814
54036
27241
65667
17329
64980
4500
88683
68640
63337
55596
41213
91599
69380
93858
6699
72312
11044
16235
86119
97806
77455
96919
78986
23464
30191
48744
50736
20057
26442
81637
49072
22308
34387
43098
58301
28556
2914
36493
18466
61290
99956
72697
57265
91691
31581
99246
89264
42651
339
97266
12697
21307
33921
32434
99000
99479
63818
92504
23496
3659
40865
75448
13976
32070
4619
90736
53472
38619
43829
27497
63532
12860
88022
70000
49461
87176
85618
88907
63233
78048
66238
19122
5108
74585
75004
32009
81337
72159
72047
88970
13666
97822
12785
22367
65440
72555
82272
47975
72271
51035
95075
9194
87732
41681
12993
15414
85068
50678
16182
97419
54646
48629
1647
55341
79186
70639
89815
65009
50613
33740
58238
20024
70945
37125
18420
50645
19895
2591
60929
82002
4893
90899
81233
38781
44724
19809
5515
21137
15866
73714
69791
48060
40804
16098
83896
26380
38660
84239
27299
27617
49477
14023
15767
5792
10154
70312
73834
13476
41286
22677
79137
46775
17306
77027
70657
65855
90076
45432
91884
89394
75787
33118
18759
75018
96636
13824
86116
82819
92823
969
72795
35366
75950
96197
64988
11993
59076
34935
14006
68327
32358
42671
53159
14118
96758
26419
34362
24362
24788
71562
40383
75358
28449
81420
29649
50721
54097
23705
90872
36175
77537
531
6906
26922
29083
22808
64507
19816
47222
45039
83142
51153
5024
82091
60540
91572
62978
83420
53772
91063
63334
18507
95133
13123
29196
6704
8446
39567
47632
39372
60677
87496
8120
4598
59550
37315
87704
5990
18088
86416
75871
32599
83795
80810
63552
10704
83947
17856
44463
90874
19806
92499
87779
85962
79004
60932
96829
97510
32621
36437
75948
68801
81094
60752
97843
13372
90045
46097
98558
66711
94528
61531
61972
80989
34123
99032
56977
67363
24139
98083
62694
34002
47573
47031
9131
32180
50713
44696
25271
24201
97912
18798
10646
40684
81515
35651
84828
7510
18518
58386
99553
48422
20387
52509
93758
96319
42900
31234
30972
59038
61535
47355
52445
42746
77744
75618
2990
84190
88490
41982
4760
81246
16577
80389
40912
91909
99075
34776
24017
20520
56792
76476
70561
34391
85883
58554
3488
74647
68393
95268
76634
76453
37399
53236
62473
72976
52460
45922
31586
44925
36352
82124
66981
87764
45072
37548
36753
60047
3060
54603
25462
47405
69525
18411
36525
58961
5739
10799
42755
70054
96216
2783
55016
24929
19986
97174
51954
33908
75852
2819
53783
82347
94943
18849
76063
16293
6213
411
11059
25646
43652
41092
31257
26515
29736
72484
48749
13173
99293
65607
4909
7198
48186
88003
73811
37783
27066
8600
76179
67070
43273
25406
68418
32093
28262
16828
55271
78448
90749
85409
50580
65086
87279
51152
9874
27037
95224
1587
25949
92608
77932
62016
95235
76635
54030
16154
17573
43387
22383
23144
18895
4904
46730
63321
73782
63452
66035
32923
39603
80483
97086
59545
5657
13701
16354
16417
68714
53470
90584
47656
13652
57585
64027
20133
85249
92869
81744
17182
83572
94544
78190
16916
55607
97484
82305
78406
80603
95744
51776
76506
24070
55140
1503
55860
71292
3077
3352
19464
72706
91776
48787
43328
91797
48993
846
9774
12059
73655
32654
52511
34950
65941
94213
9473
35866
21894
26745
96682
60934
28365
49968
21205
19525
51971
70295
82168
1094
57553
97089
61707
14891
84758
30317
88023
97808
51243
18587
17938
33696
69907
32048
84328
11007
12666
66032
99171
72570
99320
7171
38325
74113
85719
45764
8975
36342
77717
12919
11324
84654
73002
21733
99961
95800
98563
78938
71980
77420
38254
71148
14845
37937
45282
1802
16845
73575
87818
80633
91818
50649
93407
29979
98264
37524
57049
75479
77168
69950
29648
75102
19161
50555
31561
4704
48487
58633
40923
46270
27066
88321
74934
26595
99560
58503
48824
8987
43750
37155
46706
14597
33473
32552
8648
5078
2994
25308
66778
57243
75235
38345
67551
17358
28086
86059
59188
44042
64855
93874
14650
91248
34515
23837
85360
8926
30417
85849
80595
90283
7519
50570
27416
97808
34083
42877
80265
38114
94042
43589
57626
13324
80478
26811
23089
39785
60513
86359
50720
65222
70483
50217
41326
91080
52257
16523
89839
96723
650
87457
64469
88646
7986
12824
19621
79921
49805
10325
25181
79290
20823
65079
37299
26724
79430
1507
44671
7113
26479
28825
44675
17199
98868
11192
60461
46680
41193
30621
46562
33371
38619
49318
43329
45585
49380
32262
62891
23512
15934
34089
68385
82520
81937
26899
76564
85908
94830
33597
94458
90176
88522
29257
15444
43385
682
43591
54793
38284
84677
79042
24009
67141
79386
56975
10701
27399
45406
51497
67447
28268
44618
52408
88472
36394
27579
87446
8284
13701
11789
23030
49725
67784
67279
94860
22046
79074
47898
54001
36554
60337
39621
95815
97044
52836
79856
31625
27869
39262
62053
11954
34172
20783
69018
7016
40373
58637
99348
70743
48124
43047
24750
43271
75055
56318
60797
14152
74918
2841
61813
76208
20435
61219
47794
52130
59998
58817
68591
2995
94310
16488
4167
37852
3664
61974
62052
268
37321
78016
42074
31993
62008
16289
67271
58466
34247
2214
62398
38622
68953
92674
18238
79137
60548
223
21017
99886
29767
56435
37542
17831
64314
7279
49482
22450
11561
67734
41962
53650
2000
60516
28362
51477
94641
73989
67983
32733
96731
55053
41737
90219
96158
6536
29290
28021
4651
48240
47736
81953
37097
74139
20870
16003
44067
10826
61606
84593
21838
57519
52972
91779
9390
949
33397
67391
37659
88179
32271
50899
75624
26531
59350
96955
76319
68705
51338
74879
5354
73625
92276
6411
63142
36643
48422
21220
26911
53458
80377
69090
41771
10366
93566
90740
75044
80416
8166
52531
46744
54412
9124
10948
95046
96877
4356
11861
6713
97365
24044
45000
87760
89017
2548
84931
4697
65901
69120
85110
11787
55430
47473
68684
65995
90463
72169
851
47654
78841
36697
36153
53802
15769
11656
14653
8177
44807
72501
24333
72462
40719
90344
92774
35342
20535
32995
7974
17829
96677
59035
43944
34059
29043
62796
67360
79401
2415
33744
35767
15442
93669
16980
52314
83734
72195
63571
83343
76456
26274
61154
74821
25563
92544
26376
25736
26052
24759
15099
10625
94491
51297
16803
37346
24391
5136
73894
44180
1635
21197
59552
63543
7158
68152
48065
63532
37976
85128
4145
1714
93290
77276
96763
19899
13172
79469
52365
37082
97723
55460
56793
64913
11728
94439
65059
32125
52866
53856
30480
9773
56953
72076
75957
3570
34096
38340
62823
11981
71230
65830
73652
11854
9685
99748
84449
76788
33889
14254
93555
32905
50416
90753
34246
94956
54440
23629
46245
79438
23305
66378
16920
91056
14044
33998
44748
56600
4735
41724
64772
67398
47281
17754
36730
75769
39355
93108
37710
88635
41402
73460
77795
17270
28471
37341
12100
14958
27176
71671
53230
52552
35276
21589
80420
4906
98468
3075
91736
37024
43553
54452
90336
95434
41843
84662
54205
53642
54899
59019
32122
54792
56345
73186
30639
62318
63888
57359
19116
79811
32092
97576
70966
73226
65515
74403
64928
12136
55505
19373
50599
89630
77674
7182
70492
55231
47247
87841
77108
2364
20486
32132
69837
97607
92093
46972
49312
90702
16411
28128
8766
78801
97521
85436
16782
85667
21493
26093
67306
27681
52991
45663
14960
48314
20946
16843
9813
26896
38699
59661
33513
49201
39382
33004
65351
13960
60917
9132
89512
13158
61420
399
76095
94662
69105
18889
14623
22265
88641
4142
9382
21403
25211
26465
272
56741
6056
41650
886
9538
30232
9732
61733
24590
46604
87658
9699
60115
13182
99363
20566
76799
66594
6155
16920
94806
53746
20089
97820
22118
48864
20051
98546
92257
49584
652
36781
29003
11263
11480
36703
27112
71402
48888
8540
114
63425
72074
77241
46891
70134
12424
22244
32735
10
98730
33080
4229
31804
5698
40573
55799
46572
69104
48933
935
18241
53616
20854
25175
8455
32741
16201
88530
99559
82918
57390
36847
59220
65916
24899
99322
47942
41701
49743
65160
46695
38845
79509
90336
74542
56175
94918
5961
9958
614
48236
35436
75793
74666
6166
26685
34005
80548
36679
16816
45290
46958
79486
95592
8889
38548
7706
75895
1184
70595
85768
618
87120
90002
1510
26998
27747
31777
35170
48685
34292
23172
381
43049
6806
71683
1931
93539
27459
97320
87378
23842
30566
96688
15584
39098
40857
90818
35551
18189
76535
55797
54816
99918
21844
34265
47744
48654
13415
45769
3450
64057
78896
96796
54664
39645
5561
75575
44475
92612
42328
32238
34397
50782
70055
34038
17549
39069
93208
52635
71118
82288
20887
56124
60186
69830
49643
28097
77736
83622
35566
86333
55741
29666
49650
7367
79801
37308
92644
46724
31997
55022
83511
47247
90220
6589
43116
15251
78003
59342
60697
85506
49636
39033
96164
50762
43587
37647
53233
64005
30878
37702
82033
65358
94095
70441
93277
45048
73881
96259
26355
58137
7508
1834
95155
41155
41693
69275
27397
7810
6586
23129
61544
15548
60855
52927
66419
2531
866
70824
3196
3883
82530
38128
4803
24982
30709
853
23377
33
3935
94514
42772
57189
28738
90277
13827
80805
17272
47240
49977
96016
75741
18957
86266
42679
7481
86341
90499
87046
94751
70984
37857
96502
49440
24885
97328
55908
11724
6575
54382
38010
72413
64498
85942
96588
41592
30867
60088
47869
35926
61622
25779
75113
77430
67087
21028
91850
36026
70745
87755
19839
35075
38824
72813
34900
7673
66316
25979
59812
39266
12539
36942
51399
30932
24236
44805
53737
93150
42231
71807
11120
64503
82245
46499
54984
78444
15431
41856
20251
40324
90596
37563
56821
17274
13160
91342
59378
83384
94499
53972
99774
52209
25160
96602
52612
81683
74287
92435
32264
21482
25597
93669
35144
42571
3416
48311
68158
14232
98568
63188
35585
17649
88829
54161
56164
9065
79752
20123
80524
49736
20738
62832
5818
8648
20171
55538
62606
79477
39968
23448
65145
13565
46604
43583
74960
64585
89732
59530
25245
84090
19508
1275
85180
78250
50330
8393
48978
80420
58340
48737
326
63792
96086
2399
76314
61551
80431
51315
59921
4896
90641
67283
35324
1119
98490
61013
16007
49354
96694
78465
95712
56432
18409
7689
70087
15163
99976
41205
51457
843
41787
56988
55738
65736
95105
83662
26308
16597
10415
12710
21993
75582
52197
64780
73504
32891
65667
45487
1539
97288
97069
88033
54334
19188
13708
36840
52692
23586
83880
91910
80369
53607
81570
30608
67250
68298
93799
42422
6362
36200
50160
75365
68104
67976
90368
99892
75352
86896
41436
18584
61466
82699
71641
61073
33988
92274
41018
91786
53357
5825
56161
47196
93293
22876
96307
91989
43531
42444
18768
92059
48949
15750
18035
53492
57723
16963
74794
91816
67773
44427
57751
29319
29384
2344
33669
20290
63875
8889
95619
23979
18127
88146
62780
85715
65013
76091
43793
11291
81177
95237
88370
6075
93276
75695
91195
51084
25724
17603
62705
61795
27199
83925
47108
87499
74420
58246
36869
57235
26449
86629
21076
19015
7776
33648
74043
61078
95495
35751
80234
18962
3131
98682
81903
8104
95405
50672
84529
74743
26078
83237
71003
48148
66613
77710
3711
7259
13254
72843
52312
46790
19932
43277
20888
16983
48161
36268
85148
30886
84877
31201
72243
26548
34078
67140
49756
624
5376
94452
71750
92496
78504
10445
60534
83774
79643
75920
89912
48345
4259
44192
79637
94954
27234
61306
49401
94397
82878
14612
25337
92921
38163
51847
62667
61412
79315
23598
99045
92179
41860
99528
49775
29973
93966
33542
96275
8632
43017
10790
69096
34913
62131
41437
72644
28257
29221
53684
37712
2483
12219
64058
86531
18065
73118
42274
47757
51343
96554
92813
7321
87244
87511
61038
69741
44724
11205
48
28844
78993
75450
50392
94186
58689
78648
26623
59840
61891
65673
87127
84106
31309
27469
95411
29432
4525
34710
18275
21442
48381
76085
60916
66564
66559
99921
63028
96080
99908
98612
15005
88396
434
32679
49468
51792
98773
38871
35464
59784
4262
4654
69883
52949
32895
71425
11953
12438
44259
96703
83261
15011
30779
12852
3531
39150
49053
55013
67852
10919
46821
37265
11216
84286
43421
74943
75935
4219
40334
8898
61516
221
19644
43665
58000
70155
47283
31032
54799
85117
14761
93104
70606
18200
4142
48595
5363
90513
82907
32652
91540
72016
85131
25322
73191
12589
15696
72098
16408
7043
62601
79093
53404
95140
2707
22532
94998
94842
57087
15539
45073
15762
2249
24275
76479
99546
2358
84519
87768
43598
31717
41577
10625
62301
32877
64281
879
96304
10860
21741
67513
55377
20566
6298
31027
50294
91542
77928
46408
6884
99914
75128
19765
59332
71853
55468
4768
45667
35554
40877
47865
20932
37320
72809
67134
58751
96655
56928
76098
56188
52905
72993
80280
84274
84507
7203
29917
70176
44098
15281
69373
52912
10007
60379
63151
81163
6544
10496
23520
47435
19083
78442
72947
9820
8569
14986
61442
31567
26363
38858
16502
15236
96692
73162
19573
79804
70045
49088
46702
42122
17418
57597
73817
27803
53779
32941
80750
57148
1309
57708
40161
11791
75261
86374
81087
74427
41502
61573
64717
78824
21858
11727
20412
71982
31845
17689
42407
21559
12923
16910
66113
5378
49315
54273
55138
24482
26630
9496
22136
16085
90903
97051
66780
74001
17627
93610
30064
61906
2835
47227
6423
89707
35890
15096
78774
19878
23077
97801
71935
1236
38296
78033
87628
80811
68606
47259
77706
84550
84071
34061
4367
31406
36919
40744
90344
83908
92472
47265
52014
15951
70534
83912
64902
11396
42843
36748
26726
63360
38905
43643
47233
3381
34100
35062
91074
96281
41987
51914
6499
24292
70131
6276
96518
44281
38286
22193
76463
276
20243
17133
29831
89927
30865
43063
23813
19146
50824
66558
86232
13354
71005
42520
33457
37589
5951
38719
80255
49034
28039
30368
99221
48128
86380
10650
12864
61851
20393
81752
77695
2937
71163
10662
14485
80145
24467
48270
76808
48712
4049
75353
20739
77482
41673
16712
31058
84443
24912
30518
5376
55805
94774
83197
21455
43056
19019
13442
63318
95976
56364
67798
76075
43995
34444
92704
30439
2022
58446
40927
83290
55472
2205
27196
9319
77936
9398
6897
86695
90304
53811
20537
49249
26011
97116
81441
33933
44323
2260
10536
35718
171
89079
98459
38117
21536
39669
49054
62549
77963
32154
57706
54134
88801
1739
27930
56721
92473
31876
39090
48857
96080
23023
6914
40611
86792
98005
21984
48056
54552
35863
96316
81266
32680
39420
85106
99201
57633
96377
96854
21544
30662
1485
58088
23951
33074
1500
23399
61498
79375
55150
69867
98457
49142
21021
1487
40916
18156
43751
45636
3442
87658
44517
83262
18181
39823
73282
12511
62507
40411
55903
42575
51971
53273
98175
83632
32119
73742
80938
46672
92450
86696
70700
26806
81739
93042
75573
16409
68861
46062
78181
93992
60679
67063
75142
17686
10956
97261
70611
39865
27740
71794
38267
22837
89865
93414
12627
81344
22308
451
61788
9331
74301
1806
19026
87380
47602
65936
76924
2923
85136
52989
55644
68797
87585
6223
29864
91555
74862
82190
18236
57784
65820
78145
24675
66631
11420
53365
24903
52675
84340
45116
67446
25243
64783
24568
71139
39224
99795
72085
53448
88658
40408
92937
35411
89457
22974
20419
92967
39249
56345
75165
53144
54148
99026
14586
495
98908
79473
86688
58311
99831
41036
47076
81927
33317
84413
65652
37729
39172
94860
82156
62808
60978
95059
15973
321
16556
10963
51833
52125
57800
56292
36495
91324
21334
21435
85424
33264
79453
87866
18949
93443
51377
56823
84097
85333
67562
85305
6194
53084
6857
9401
75515
37306
26100
76949
71470
73222
99806
35531
55759
82883
33715
78402
5704
81871
72268
65163
33443
98493
78282
58476
76157
76618
31202
85532
18769
70622
78502
41116
50961
19819
19410
51105
34414
9050
27836
8276
93529
70071
6251
63637
57527
21918
88833
87254
2776
51018
99032
53791
78182
3567
14590
46353
10550
14904
8008
17899
94602
48971
21454
42992
3127
61238
48572
88571
3565
80357
39441
729
36094
52679
24460
37420
96106
52380
88374
7863
78748
37510
72422
79497
15464
14995
4584
36103
66016
49018
40742
81845
85923
20150
81491
31679
95216
72827
89434
82454
14491
38159
5619
65659
32047
21775
83978
90764
48670
84686
30873
50912
36791
39123
65857
43410
87345
63059
22263
97943
92757
59457
35595
62061
23352
1799
48709
32684
53730
60679
72144
79033
23531
94456
87093
99184
45226
11425
77890
12615
1106
58405
49319
93987
50529
89239
20605
50193
72193
81031
42964
62216
28844
19918
72631
40535
10857
84454
87228
61406
33172
22317
14990
36554
19555
81238
88269
77122
1198
60174
54978
6891
60215
56688
91883
47165
4030
96696
76026
52038
60448
4434
3337
46470
69298
13309
24332
85879
4436
97553
90023
50559
69470
97430
20918
6892
5501
50727
4030
61951
23178
92523
76823
68891
63729
49688
78466
4710
1967
37569
6227
31893
75552
80420
97749
70633
86591
46615
76924
36004
35003
54167
20941
25359
31699
55611
40790
9726
58352
75505
34299
43262
3465
75151
67755
77268
14083
82603
89978
35374
35087
68123
76299
79172
51042
19674
16310
31129
43712
68110
34373
68856
72393
43835
35069
93399
4765
86041
28895
49545
11359
79834
99902
83422
40282
4842
81373
19236
38757
19977
13076
30240
7286
22693
4096
59235
22667
46110
74140
3671
18879
66881
21531
35654
10744
91088
51476
88803
65167
58118
41878
98066
26364
91225
94205
87425
15063
4993
7827
36858
78297
2495
98312
32248
72832
47582
77103
32768
39687
66135
69273
98581
76589
98123
613
59956
83235
60380
58479
25880
29088
969
91178
59260
48727
36962
97728
57964
98781
41940
48606
49930
43438
86322
39962
81693
34597
60898
67191
68809
68372
45387
96991
61768
79651
52261
64998
18640
43596
94798
75191
77021
55042
8700
28102
54672
7803
33633
67652
18131
82864
75738
82876
61935
42560
80429
26628
38473
17808
81111
3527
80847
7624
44962
66442
31848
75753
2773
30372
41448
91828
43179
20118
79302
16090
37362
10013
51075
9761
27990
22901
41910
29161
74943
79621
33337
59553
9869
72392
99046
87757
97753
429
66247
42251
13499
7392
73902
41604
83041
26053
50047
46133
22335
40456
81197
30266
15569
26334
98120
7658
19934
32975
14185
33254
7339
82218
38087
77298
52694
15330
95574
18958
60103
87986
35178
55280
19081
90078
85161
73557
85095
97248
15659
22480
17754
94438
67466
50712
26444
92672
86282
99367
76902
58119
2260
46996
31405
74828
20766
28924
1821
35857
42809
34950
49941
59654
67318
21141
25197
15980
16930
45289
90673
26348
37721
55689
84328
84520
74105
47869
91838
9234
41739
61733
18151
2470
40595
7000
91959
67519
1312
49149
41589
86189
53553
29572
85637
47783
18536
10852
95555
84305
76845
68367
87604
99353
35435
76224
55784
65674
14779
7997
32721
99290
36289
30957
48124
97783
48690
72547
31754
96479
78411
98767
40289
756
1936
95299
69952
24704
13875
64821
16564
7714
45582
40218
53316
20135
4405
25122
92917
97510
37785
21010
12173
32578
70481
51602
59349
68522
42633
15233
40219
85639
58004
3791
55347
940
54737
78906
77565
6001
94793
51343
44034
83239
36127
64847
80592
87450
40230
74421
58448
32354
80739
27067
6578
78932
16050
88188
96464
84278
77335
25295
63832
40047
20327
28478
12842
99230
4608
36620
44368
48258
28304
1149
670
33874
18432
34308
76132
44628
52385
21661
43147
87681
28691
88699
96450
24321
76453
15124
69984
61601
71682
75968
2942
72118
35978
72280
89241
25795
73796
37399
41691
31528
79964
39145
94778
23619
43621
16931
29321
23017
98954
84407
68043
56104
23073
88769
83220
3187
43890
47458
34172
11579
25425
56693
31797
96798
5879
10246
81252
28897
53934
71632
74071
73174
65666
25422
44745
77566
85189
2098
96683
24328
78130
80316
24649
66401
35385
62069
41917
21144
1308
44929
17438
55844
96667
95782
74637
62076
61021
25505
85856
21645
35256
56313
3510
29423
55740
73897
778
62844
49615
49780
33106
23620
56518
82710
54782
13719
30909
30975
49801
22870
77401
92042
92175
11167
6113
3271
63367
79514
16388
57109
94809
28872
96764
52437
50303
44129
73567
91633
80760
55151
76697
6130
74269
1919
65161
90340
9215
49218
6013
60019
94457
87046
86405
60601
61372
26318
57624
62064
45118
26441
77758
91198
26663
97317
83055
79912
90584
94300
67445
254
4496
69715
65687
75687
7012
99016
48942
10692
8371
47674
54000
35046
83700
54429
4439
55987
68988
5760
75872
56284
99873
62466
6061
40485
52756
2086
75535
89505
15060
85668
72986
47812
61754
79874
55148
78695
33801
61524
3113
77921
97167
93574
19163
44368
67187
22914
46882
61302
55120
18691
93288
30891
19443
60074
17519
16728
44047
41618
92907
37385
73398
70159
69743
64594
68150
3418
17146
4995
70815
47276
12120
71781
24147
7495
43688
54202
1526
54337
94705
69397
62822
28196
49119
76539
75465
32577
73925
17747
47436
30649
95859
53122
11545
40396
78320
14676
69327
94873
99247
66216
27317
75478
21821
58162
23434
36762
75843
20736
33035
33686
33494
2315
91380
65349
56803
77494
11462
42798
2720
42711
58790
61730
20785
63313
88533
79161
76982
68051
26141
35676
85754
79539
54406
26160
48896
75269
95404
57838
51216
60782
6898
8008
12688
61270
52123
93348
45042
8679
59685
14360
22970
70024
6491
1196
9134
31907
71853
87618
53400
44446
23195
58308
76214
42802
98138
41840
78732
4021
86527
11331
29767
66943
43066
63840
25021
33136
50582
63362
68755
8195
59218
74088
97221
45367
41314
366
43983
22718
59656
12875
5249
50149
80367
62993
66811
84282
61287
16893
20310
2544
38151
33071
53551
16341
70419
81990
72128
95426
41264
71892
46160
23144
65501
26267
63827
586
97035
93459
97835
64839
33943
11196
34766
49731
71371
18579
98352
60654
51635
38894
1847
59047
36111
34010
18467
72369
71820
63584
93870
57496
81647
20398
19280
17935
58034
41719
20279
37213
65058
25925
63910
5142
84640
57811
77924
41738
16195
36294
42211
29604
50406
39633
17738
42972
21664
79468
8564
17211
48188
78745
7274
3648
70483
54830
92846
97997
49548
99313
69052
3048
74946
74058
24372
84723
45377
43927
44729
10972
54849
41913
37939
56600
86752
11804
6885
12613
75234
1964
18802
55915
84680
3112
66745
19684
43605
75370
68890
24753
50838
16372
26063
52599
93745
51929
91882
6204
27365
3247
48889
73897
39108
99000
81560
29844
58027
74120
83035
87357
52617
95718
55768
83292
98409
44651
32071
49080
86634
69544
94588
65156
93939
89630
17835
14504
68301
37851
83916
74122
51593
23423
88028
32959
31157
37647
98080
78894
25971
85116
23235
4473
62161
49564
74035
94765
36755
86689
66541
60451
66118
90790
46957
271
80448
35782
93881
10524
80630
94971
69240
49030
74545
96312
95973
1844
70410
63628
64809
94164
45151
89197
80019
34301
47185
83222
6691
83432
48901
86533
24324
87304
4550
30360
14433
98828
36604
61148
19598
52946
6295
64414
50143
30597
95638
98025
49264
50259
9259
68179
40899
63409
51917
47292
54206
53155
84748
18044
9111
7185
67693
46010
91620
14660
58795
73542
96947
6634
10759
24991
54083
53050
35351
10140
90730
85275
94187
4991
90571
11012
55789
73884
10249
78892
55964
38217
80079
9328
3728
44309
32377
14839
88414
62975
7782
69315
58096
25596
15793
42564
72769
26670
76690
77447
95831
25627
8201
34683
9480
82881
61827
80660
21458
84899
78060
32074
47664
23510
12690
85229
18488
46728
73441
48506
51373
94254
98867
51008
14212
39508
89949
15433
87989
99108
49315
67982
42943
39821
82059
27954
86202
64432
56992
52795
75771
6975
30993
66650
77095
61937
14226
82689
9953
92229
17074
75708
23389
98541
29233
29963
60992
46530
55352
44099
70406
22581
54673
59287
89858
6845
74341
12305
50625
26011
12175
49851
39654
98592
91628
31417
65198
7773
2847
10635
6209
55270
63236
35858
63070
1401
80570
57916
30128
65253
83842
11003
82788
11012
90587
15627
25761
7585
14329
98730
51403
44309
18111
48296
81472
15752
10873
89154
43121
69333
28052
55480
96973
35838
33019
43179
95934
69668
65884
21545
7526
67862
38648
51762
72496
82029
8971
94319
55459
22525
78197
40598
86266
87454
25944
23913
16461
44505
3615
76340
24107
14056
5226
29859
94647
44959
19013
40131
85657
8980
93114
94303
3944
64295
97725
92658
46985
14312
78894
32666
22543
82550
76225
33868
48487
12410
61754
500
45278
10165
98098
54608
9374
18714
4053
94976
30576
60391
61526
76318
28
31003
69578
39108
47740
38029
13649
37838
74667
19563
90320
17072
30427
50763
41449
7738
64241
23895
43033
23623
99741
12768
49305
78632
7364
61644
75526
71236
96992
64176
12476
63636
68121
32882
50239
38590
50981
48435
3650
10383
31916
79746
49217
10750
82841
48362
74559
14025
94807
60043
19611
1646
97210
4649
47703
42515
77007
2897
35254
67678
14798
1861
87255
30196
76543
99978
31553
39186
88203
78038
23422
56820
32962
27028
87533
76962
11610
7382
86033
8146
74335
40489
34356
93593
21709
94084
20027
64542
99729
28652
33009
63135
64165
5529
52696
70392
59889
23664
45401
23318
91295
81485
89002
58228
71396
61690
85482
84092
37248
45715
31422
66489
9703
57737
4645
65255
659
37540
12922
64289
5565
97598
4820
78198
542
43478
42699
47279
95754
71661
39706
16404
49949
3289
96360
63585
60463
97668
66003
18508
39435
89475
87877
74378
95979
79742
72160
22502
81887
28173
18376
84218
81767
99055
25657
72986
11148
54706
46906
18957
23022
68381
26182
13549
78066
5645
49134
1448
74524
90784
68916
24170
50611
45079
95759
49480
33080
59473
30425
60451
88233
9100
36209
78831
84393
5060
62761
18665
81011
90411
33637
12387
93613
37704
4968
74159
38300
54189
26772
75239
4463
45314
32891
90114
99691
79427
94789
28272
22250
36870
63101
83591
90787
36733
74423
34211
78186
34931
94814
69194
15582
57915
96200
48138
95432
8047
13078
71213
81097
34885
52361
75227
90590
22430
60103
15821
26480
8116
15931
14783
67011
89354
94824
49839
66173
16836
53627
83307
63668
20367
85869
37778
2584
29637
79593
69868
55022
69624
49594
544
186
29784
7975
99415
58703
41363
50096
73160
44348
44106
8362
72824
54997
25437
73874
15121
23882
19101
29090
28275
75089
83416
88
57430
50517
21057
25882
82566
62170
66495
39061
23761
7155
10051
67351
7374
14392
58475
14217
50682
76558
12135
74076
68492
10045
38035
70250
91445
36290
71297
94525
55186
67073
18107
15391
39164
9528
40641
30057
58839
62728
98888
67819
60735
81028
22393
36378
82255
18011
16267
55864
7430
18566
79356
36116
75040
84178
60820
36459
21904
3700
39531
29351
87841
7511
60788
48828
89239
78161
27940
76238
48734
25850
50102
57670
49347
4321
55819
94830
31575
95081
81899
32291
34474
17027
62552
71052
76868
30071
30566
68337
86415
42515
89504
17842
45910
11468
50668
45620
2501
95600
14915
74328
42925
36500
21544
75548
62751
71848
30888
2796
19472
68968
69966
94958
37103
81523
39077
63661
7373
20766
47065
71646
4048
56752
38099
44237
63870
16519
49468
81233
48416
22607
50376
39833
95750
31296
406
43039
68868
16828
89007
93794
16915
65250
36517
513
73334
73986
11497
44308
2777
98986
59926
1377
8775
19654
43818
71868
58454
68317
21726
7249
78529
85561
44583
70166
365
3476
99592
13022
84936
69637
71060
88568
46792
40201
56849
90908
31062
56281
35957
61205
13678
10596
42464
4320
41765
54899
43693
55034
72133
48427
16964
79136
59105
8105
51063
78217
24544
9565
96050
94990
956
75974
48716
80175
56508
83314
12195
31821
90099
70280
48613
29914
60352
78403
3357
37121
63236
83297
33715
33146
23460
27545
56043
93605
57621
56094
34677
82886
49725
37321
16474
54326
86449
34938
82735
74445
61365
77718
83276
93367
12666
82356
56990
96791
52876
41673
62616
54179
76840
45215
76522
31346
22807
34282
59218
86280
8956
72433
24906
88885
85830
54601
47397
14257
67788
51047
2103
95100
5357
3261
391
59030
63831
70862
64403
76766
95701
18783
93739
69517
8379
55514
86948
3046
86332
25557
41964
53831
35490
99935
10811
31625
79896
60366
42430
96106
10856
3908
6522
50080
71206
26321
76311
4997
30917
90038
65879
49750
51865
25289
53733
5297
92050
89210
68827
58034
30512
75210
72870
71419
30579
86457
31288
50554
72687
86020
86150
31184
53662
22965
2107
55286
6052
9907
56272
50445
2712
78122
20703
655
84687
64001
89541
18135
21653
34237
81650
62122
56011
82430
20111
39989
33869
49525
41478
15830
65036
48745
52880
10221
43016
66903
98801
19850
58504
67589
23364
33461
40002
77734
40334
6980
10059
31740
30752
75002
15203
72357
67569
66411
88688
58158
70916
64701
18058
21469
28817
24546
94009
72261
18478
95665
9453
32647
38621
20263
98258
74521
94248
70127
63707
88964
97351
82295
95423
40085
35037
54652
24269
53941
29377
88768
8928
11257
92825
94001
27426
25074
72472
3614
55398
64522
57298
56160
95168
63449
93566
43801
92064
50818
84357
27145
46507
96017
94422
57119
13059
27577
75150
40715
42897
26068
71373
8718
39339
89641
91061
95086
2141
13096
21825
82115
16431
88195
22726
7999
3867
3671
64671
71671
52918
62948
91561
88881
50311
88523
25251
18824
51297
71100
11928
89820
52043
57220
25648
3496
969
28647
42771
41698
44798
37907
9936
13678
21303
35439
5957
21694
82528
1208
3900
96226
53133
10968
72532
74690
37045
62919
50250
84736
26090
93652
67222
96570
72991
45159
44764
46289
79156
33344
48303
44680
9757
72831
84327
99043
61499
75220
35449
69334
11500
17963
72375
5118
41200
79718
31886
94491
92854
36969
77266
74793
28022
11385
98783
81232
8385
86690
1926
59588
88554
31544
10971
4732
14629
54834
86624
38719
50943
50097
26787
86489
98527
85351
38607
68679
39190
6982
89713
94468
2988
93429
15156
97537
22767
36205
96319
58469
1558
41719
78110
80228
30922
61640
42314
70257
62581
39324
7890
92154
3814
48256
83344
85725
91042
84566
88345
19467
24305
21165
18241
47728
29028
64481
5325
77998
80910
47938
23975
91900
66129
45939
13976
43210
16560
89662
51752
12292
34485
45791
80023
50632
13469
34898
5980
46367
5986
18344
37100
21700
23090
71227
18339
87898
48387
61004
77041
37707
56697
10375
95952
64841
53107
49975
62793
58037
74600
47159
75022
60832
89208
72301
91754
98095
36761
48535
60926
53419
75941
77092
66455
29693
188
77147
73778
4056
20144
18147
7250
47360
38396
56306
14020
82316
79724
18789
53903
19831
90027
93595
19795
31814
22936
74487
27124
72654
20631
29639
98518
9823
52811
14854
92794
51322
88883
33924
70512
70161
264
72001
76526
38617
50788
81186
72906
42976
88858
82456
12809
48178
15870
82430
48340
59678
69854
63570
98459
6853
74502
33932
4544
25022
32248
83844
41064
19589
72657
41567
82830
67010
483
60645
66099
49580
24425
8715
76237
21129
60772
50878
56523
46945
99158
44224
16580
20457
8058
90315
72702
86576
11422
79542
35518
16882
54003
44450
39008
9085
48285
16375
65842
25467
76826
13023
4347
70749
61794
20599
29667
87448
24960
59589
87887
72261
25333
44441
80671
5903
58611
49950
49047
714
23280
23550
47447
73150
52161
36538
23884
65249
35720
96165
74301
9674
66693
45782
75243
33394
70744
82624
92135
20547
55293
27299
46479
53253
73944
471
49447
61537
37164
88972
9648
44954
22015
67471
55438
97236
96911
21179
11729
63993
1544
6900
29184
85491
88914
63316
65417
69675
26889
768
3187
39977
71053
165
37519
8758
81705
39129
3885
52677
10277
53912
76591
83304
87304
39572
93579
21722
59375
72471
57662
65206
89235
57633
70229
59135
51113
25506
53990
7709
33487
38295
98441
78085
56
81796
91440
45077
11767
25671
51876
2410
77694
37200
7921
31747
57360
56283
82448
84766
86431
92172
43368
90732
58087
82081
21274
59957
11729
39563
28003
55452
93507
28551
96039
73221
25788
19954
94491
9611
58085
90316
70798
49910
9056
84160
79014
11655
48447
78409
39631
7703
44875
85436
12428
81263
69591
75477
1584
66522
61067
97128
84366
77692
32941
80561
64898
73637
90378
44391
77505
29043
59322
45440
42793
30508
73350
35275
11425
30404
47837
24210
81543
37200
78029
46209
95730
123
32688
48935
31408
52529
54678
71519
67561
21277
97160
12080
21652
16166
91204
46397
93211
63543
53999
7481
86243
87628
48637
29567
23039
23328
93781
80779
87152
56939
40505
45880
30192
31908
24506
66449
27805
49670
63929
89185
23149
94127
71274
5739
5557
24211
16590
79213
94242
16609
25519
9486
62258
38186
6508
98730
10820
14045
30872
41809
3114
86034
45276
21018
94657
84968
58722
61685
43244
20004
68314
57167
30083
30302
40875
67981
74601
11815
60568
73183
67753
19805
52025
59125
3361
84304
7819
60404
80472
3715
94591
37669
23912
22806
82638
94259
81164
96453
71388
90852
83856
64792
8565
95046
12688
22363
10743
14002
82192
84440
61722
99111
16921
82317
80778
30334
19623
97364
33938
67041
24433
53148
8700
16856
60647
80581
32833
2353
63545
9202
68211
22695
15342
70616
90926
17210
80395
12032
10409
83822
70567
82832
24046
31600
69999
17543
97127
99685
94477
61213
64574
38525
57763
64111
95907
22047
73414
42272
10880
13969
42971
65987
5583
25928
81195
97251
67489
51259
54601
15245
38084
15994
58986
96497
66531
50275
58144
49570
82506
50172
90351
3722
62664
44803
85660
71901
31852
2884
47350
14135
18756
85554
98543
45416
18972
8579
21619
88526
9085
77089
74088
80144
21857
8456
19223
20894
44453
9214
76384
1619
78153
46456
72877
95939
90716
30442
85305
34793
63262
18096
52877
87591
30406
12721
91897
96659
46791
77687
89903
42431
27953
15875
42945
30834
37345
62601
8198
3478
77495
32797
75020
2480
63796
46482
42588
46417
42210
16647
88874
33623
32227
2689
28458
65855
41875
65167
57339
80112
37978
69253
35370
12530
12996
49180
52699
89592
53260
70999
63483
39754
71857
51438
83863
10386
14556
48755
48982
49632
98247
29819
90180
11034
74885
26399
21502
1613
5084
68576
91074
57928
46707
9580
66086
16620
43025
44312
37567
11890
47064
37431
72951
94187
49599
41984
87604
1647
13346
31009
90151
85786
40892
29778
73548
78334
32363
8919
89140
97850
44018
88218
59743
48389
52465
6792
27939
52264
99524
82559
86047
85370
83853
70136
53063
81220
61630
77206
67294
11529
17003
83633
52142
29015
90562
97264
3278
90342
10356
35644
22250
59219
95257
59985
80371
45798
43590
73501
67530
54243
77791
51872
89337
41042
90017
84904
61785
19169
12272
96980
67649
63475
39717
5480
77482
55245
99264
72535
70269
47875
93328
82790
60510
86553
66556
8342
78962
50449
66034
46592
30985
57872
92897
23690
29360
72920
62259
7127
79608
9035
74402
54668
10889
29578
73255
20101
27290
14775
17385
86104
95213
827
94438
15086
24422
23215
27875
68903
93404
39579
81540
97791
96270
62484
75971
4115
98779
10812
42993
79103
31920
87380
66685
32884
40935
50143
76799
4453
28374
92613
12315
50715
80948
54342
55228
48258
36998
42642
99217
95518
24172
83777
60927
55551
31317
79174
75743
18060
87196
73268
79079
57750
35401
21553
84297
41979
50146
12838
18993
22045
94062
34835
82715
42105
4312
39781
3256
94092
4391
83844
46104
4718
30652
55108
89538
61352
42145
9413
650
17681
79920
74595
29274
3830
85893
6993
4471
79130
45541
58274
80135
18884
36282
56501
34250
39764
91350
36131
72032
19973
13287
58615
2999
86906
33157
44650
97890
81342
32141
1554
97946
5425
3323
60648
38485
77214
73038
84806
34477
38820
58050
75886
88018
24178
75252
32377
91189
37369
99395
47457
61970
65821
49208
31528
16788
4118
76700
91672
26927
28084
46080
31225
69985
85500
34368
32835
16670
22299
46550
5388
86757
34107
30654
72783
32672
27527
51089
18069
54315
6061
93136
12634
63116
57105
85223
96892
43397
84586
33783
14771
89908
31790
55630
1090
17733
63608
72949
51097
53867
47954
41832
61893
10058
94281
84021
19736
24889
87110
43031
2932
2278
90081
69200
17358
26179
26186
45692
26054
11042
624
9506
93120
51230
35869
15388
28330
77101
52737
59470
36870
65050
14597
50581
19087
1653
33618
36537
52860
2535
5386
12887
37531
27785
91397
75644
30329
13275
53157
12841
73086
58497
76001
70298
71190
66368
43550
82372
44549
50843
49739
4205
6477
46548
22565
43712
16858
28248
69719
10125
91804
46212
59420
32371
73251
76388
46442
57177
86580
9452
79096
35353
2882
42773
57032
36898
43353
1239
80900
94995
65751
83421
85701
15431
99204
77261
29830
20979
42356
51884
18946
69787
11148
7461
99831
30092
94107
61312
64562
54942
5499
67905
38326
45646
47014
43839
33450
80689
25663
17473
78550
46744
66783
99475
77822
15395
40297
57247
11385
32412
73400
98748
93256
55857
34830
40306
45188
5983
66577
73808
75861
27587
14118
90597
19876
80559
81120
13213
81014
1013
79904
46869
73279
16545
74147
20650
92635
84356
3493
42430
11708
24645
94749
78157
54213
48188
8069
96658
47754
81234
54265
90419
19959
4509
90601
25418
76535
32056
98215
95114
95929
16731
18985
89995
14098
87398
51724
52010
34447
99798
46379
73953
98284
88538
82369
17797
41664
58021
22630
69999
23049
70538
7995
47721
69235
87689
38830
57454
50697
45005
60460
99548
85726
37467
23932
57986
92965
89284
40863
83310
90290
20088
10696
91328
25265
63919
55422
70707
24180
77221
24994
45159
9725
88009
93088
5468
76301
43196
39422
27457
41666
78783
27228
45007
63813
20246
63658
54950
33989
59270
96281
58413
86414
20368
26031
22266
38636
72839
38608
30216
70315
36248
11268
26901
38044
78607
41922
44233
65328
98408
57440
31520
96247
9153
41577
53017
79619
99054
18977
9635
7097
48491
49728
73728
13033
59579
6500
31231
46389
76218
94360
11085
69741
25417
81273
67798
17572
7082
7753
84067
36396
27517
10795
80761
72245
5417
31928
83536
68944
38947
50777
14398
2404
4357
81216
32500
91295
84659
34142
98063
28861
88356
57969
76771
1637
49137
34793
54347
60988
9472
79795
48861
87539
56896
24106
97773
37356
98642
4143
23939
16567
60528
59477
81383
53704
29740
33057
67961
1178
28575
73568
82359
63854
41449
99495
61720
40432
41608
37783
61341
54538
59098
80755
4421
83595
10002
36521
19505
4435
33493
38450
71807
59316
55865
54577
25893
13375
43785
90410
80691
32785
83281
82896
39730
53094
15908
95462
71154
50544
75806
14755
40663
7903
16083
78686
95875
63978
11762
40325
21700
91172
33316
11079
3946
81482
97098
40240
99243
57432
15362
65549
13735
86441
53868
47839
43057
90249
50983
29114
78947
82887
88315
18759
76831
81096
73288
78958
15894
74176
20746
37900
39665
12406
27908
12107
19974
58678
73396
38881
35967
94990
93780
48954
74678
78061
78591
65540
32774
36175
37716
5338
29994
40138
50313
29395
87028
20080
22042
21602
85414
5089
63315
91457
21154
86284
33746
24596
62006
31719
50953
39025
1239
20877
84063
33281
79656
11951
80465
85339
43977
20557
14814
38721
78323
2242
57707
39587
80727
94414
83168
91951
9549
87344
32208
72518
13171
94712
67301
86940
29712
12179
40916
38630
11421
82623
38579
6203
59203
40249
48358
99650
20244
46989
27206
60253
51549
76946
87921
71447
31193
18814
33644
6948
53081
48260
31211
24286
12260
63253
2571
77925
35418
31460
95651
59546
78407
28155
68015
15014
28691
86825
12147
2154
52312
30301
43680
98042
53626
72359
88170
2435
56251
43887
67419
52532
94224
12471
96343
62018
22688
8631
22698
17000
4745
59388
93682
91030
43629
22416
45580
37067
98061
8971
84363
54926
61262
31623
29425
39245
99117
16915
99012
43476
99336
52953
44391
13982
2295
19064
63243
83502
44363
62562
67626
78958
76946
81430
93558
40817
79871
501
33748
66100
97321
32183
87381
9885
80238
69315
84784
70874
71121
30271
90513
73867
6992
84341
54250
61092
50044
26359
10627
88962
46494
64539
12876
15136
13094
32032
63830
87575
99830
34033
58759
80924
48862
56500
93259
40346
50504
69714
52266
13969
86457
45141
40236
26746
35133
80886
13691
71279
25356
35482
27539
20
11443
8863
17874
27213
73173
13355
88708
50807
41109
33193
94955
57050
50275
95997
9484
79132
86885
84648
7014
24032
82248
70379
15221
6733
40876
75196
8286
23367
11911
33808
85525
63180
37264
72180
4964
98492
9251
3378
15985
76892
55144
75830
92459
22200
58145
1340
82631
50150
22418
46822
84132
99740
31577
11746
14144
88237
36722
73227
46591
91322
58178
22184
9791
57954
80893
63375
19323
11021
29846
40199
27136
42581
34748
34734
84338
69237
47557
22050
97698
56284
12360
64931
71308
42691
92869
63708
96095
69770
29838
87263
45545
72383
27301
21013
60977
9205
40377
37833
57819
94552
93830
85220
30899
9684
78949
40805
59172
45007
64960
1797
87634
67948
15428
27311
62412
1293
8343
31433
12460
47317
90679
18084
75330
74654
72953
85177
84932
45363
75225
72635
93811
23760
87449
71105
50408
66480
96791
80068
88243
73610
20593
21180
79715
39866
59303
73319
7457
44941
60471
50623
27072
4044
74466
56444
12284
40650
62687
13162
30602
19425
29216
89898
3264
60664
87922
92753
19914
2739
61565
59078
73145
43833
98360
33901
97129
56262
65060
68204
4064
6706
80352
28438
73471
37961
76651
64717
37660
25071
39639
60501
41950
74167
99435
93880
94493
86940
56680
69122
10969
97162
6830
50318
81524
26655
86364
62739
51104
56619
33499
18349
42606
33170
55002
14786
40896
86951
10751
1896
89011
7049
86743
95510
80880
56727
82265
44522
97348
34930
69395
82667
71954
64671
13921
47319
43846
90067
26959
33802
23442
59140
37982
54958
46347
76592
67716
2232
19864
81615
5467
41687
97165
42224
23935
65151
41614
96744
42978
82548
19977
53091
70806
56623
36697
25513
9298
78081
85993
19115
69325
27710
92154
71981
97101
28700
82450
76113
16656
25861
56945
4514
24194
8116
70853
40947
18427
71732
79366
48746
82014
55650
52722
7102
27319
51892
38945
26407
22504
68310
6410
8768
99380
53057
30520
20565
16714
65006
41606
932
97092
69576
32473
63787
39133
14042
27570
7591
38217
18489
15670
38231
72980
84755
4688
86180
71071
58381
99792
49655
20965
93527
85542
77726
34952
8247
76715
59679
6039
71247
95805
16139
8810
53500
76678
67350
47649
81055
60409
7367
20032
85544
80165
33376
15610
94905
72910
54603
99176
13110
26380
35758
44754
55050
34872
56380
44926
12419
30698
65445
8202
2799
59956
73122
84280
55622
76124
36222
78731
77397
87291
75602
97996
97146
54596
79821
17468
96205
44054
56179
82983
86990
58982
43602
68885
17035
24661
32977
56939
47260
40162
51845
31354
49600
83693
29631
40058
41284
41351
314
76067
80880
28872
59177
32196
33222
52533
82348
65381
18992
98452
88772
21627
82795
3883
98391
5267
70597
35921
60957
72850
72398
67781
34255
45686
2559
52901
75086
18069
25969
97272
34609
95524
82579
6121
72932
93554
52362
61649
3440
27782
63227
27963
42607
45741
54856
49100
9766
48498
88406
61846
65832
19366
36138
806
66474
94765
37688
68408
20861
38803
70535
6572
70439
38923
49485
90045
68680
54160
70708
74484
24301
68144
42252
36767
39934
68746
63887
24307
50337
17531
38521
65004
4180
50579
45927
56656
4200
52720
99461
52660
55191
14906
69799
88057
45495
65986
83402
80312
84042
19142
30740
68949
21568
90986
31525
856
67240
45709
49709
88796
86008
94333
90391
40964
25593
19742
86802
10545
11578
82498
99141
31141
72688
66529
79612
94193
5762
31986
44975
96088
48029
35722
74610
7306
66892
75106
75896
94835
92545
26011
60188
78981
64938
43000
71063
12898
61808
37664
85406
38665
9293
8146
98040
45228
1743
88825
29056
61710
85883
8983
55035
25381
21839
75013
18568
46651
26771
21526
60933
71932
38405
79016
52607
37650
32180
53630
31090
18365
36915
82524
74518
85749
14254
80810
27089
2551
75367
79868
22754
43730
82401
9009
86038
91671
695
43425
73633
89617
98575
57761
69555
90089
78524
93570
70132
41636
77236
59784
99313
7835
37513
57723
37124
34269
21360
94799
31259
73358
95012
79548
12107
98799
51760
4215
23143
69388
11189
56264
67195
76294
5722
6292
98381
18071
48566
26760
41989
17842
29742
82743
57628
87238
82672
75253
74807
10195
54805
41610
795
16044
15220
13233
78394
15023
57711
79034
51762
73395
11015
92465
95351
96966
3529
14518
57160
16084
38262
10739
85045
6826
17286
73981
12891
68597
53125
78093
99993
37112
53918
51640
31708
58078
37685
25003
72284
1990
91131
14194
12494
20990
75424
48366
45829
87204
59390
57101
43023
56869
80338
2768
2864
27411
61925
65091
5269
76147
43286
88973
60183
95862
46554
95692
84939
8853
38002
71859
34
50545
4148
10001
41423
33162
77550
18811
70259
94732
19310
77295
19439
46322
98047
40838
86471
90990
46069
11647
1631
8328
27976
85616
57554
8636
98184
70080
84561
79248
31536
97859
10085
29206
83518
74712
10388
85592
290
96994
62300
75636
11292
10083
35309
46314
56968
28877
12149
31132
81779
29143
90937
81106
92007
4850
80357
15158
65751
17276
94951
658
31398
64141
78786
38905
74155
59375
71848
9505
77020
96644
3669
13430
76131
69539
43010
28600
17835
94155
31267
2036
77565
70674
82352
80877
23150
63385
22700
34955
48186
98364
80989
39532
9272
33250
67282
63473
76981
43284
38627
2316
27456
41941
57522
98714
27247
90417
35875
32115
74337
50171
47704
21230
39745
51248
27839
98689
50775
41594
11349
60264
36893
2323
4777
37475
32633
748
59676
87162
96724
77242
67646
4863
87999
73169
71926
72355
82030
4760
27194
8045
45672
74672
88326
50960
4769
55164
58364
8743
11181
620
97898
76237
5908
19229
61805
34794
18814
78568
3052
55729
22149
21759
14162
23848
37823
94676
90886
91542
11486
35715
61071
66981
38440
27341
25201
73791
23216
40711
36607
58579
18345
40713
64409
48701
51557
38609
48820
19107
66765
89270
43751
33566
10584
64215
21810
62796
99226
28604
9643
56689
44923
14416
47592
9787
30012
5632
12545
87466
23240
60017
66543
46516
83793
17681
5597
80342
92883
62496
42285
65937
727
63439
7513
62478
28447
35913
50251
95975
17169
24480
85571
47307
3150
8031
16633
4434
79401
58801
40853
73341
78827
46973
40825
93832
6491
88703
57963
30917
82342
56943
50275
98870
81759
63871
35143
96196
91521
3311
48488
40807
59218
14300
71513
68004
92745
50602
71721
36454
49877
32732
10522
35787
14817
49410
43510
26823
16058
85808
73584
76235
72386
64696
52603
16943
59407
91655
83613
66470
32363
59936
88157
3406
1465
18529
27195
59368
52601
17217
41583
95823
88260
1442
8652
36916
78203
10438
10666
56903
67145
362
71288
53299
98515
3590
6154
9765
69005
94381
75836
7930
49758
23561
36749
20925
46438
74008
46841
43486
90697
7857
38343
51742
41827
51102
31187
30339
32999
22848
83105
53994
94128
48227
20751
19775
1395
56560
94672
12971
92996
55184
90287
75664
16593
59359
96445
16816
3875
24653
341
56690
98894
41705
34221
65067
14455
44503
30710
40786
40954
46762
73434
87185
95085
78497
84202
84226
82287
49316
11960
44439
90784
26995
93603
96777
5336
13147
370
45614
67481
57412
77089
38336
43060
68514
45230
217
86777
58744
52951
16085
3172
46351
44245
29342
56331
13211
20028
87872
53512
9312
86995
72229
75355
65376
6825
32482
65894
60107
14536
76061
93786
51228
86837
83958
87854
7666
7708
2055
98177
21494
88315
57187
84090
67738
32551
7459
88962
20793
56626
47563
49486
89924
7439
68261
70352
39611
73970
35036
97803
86278
40997
36476
29395
65966
67930
94856
381
37053
26435
28485
21806
22683
39935
19883
48857
66230
70095
65200
81983
16907
46446
68307
38835
49982
24876
256
73832
90212
70091
60279
13674
63455
81173
41198
28018
84157
14807
28613
94813
39310
84600
35327
66796
61072
32414
91909
32795
35050
38323
11962
70808
50111
190
46582
54207
92704
9684
91683
65905
58976
28090
31797
98510
43062
5426
30954
31788
85685
2544
33002
86414
23332
32277
64099
8364
59347
40322
18248
92929
52368
61945
58813
64826
16259
65687
23460
93147
2879
70498
79687
66023
37544
51217
69363
64286
92715
97321
40947
75302
27397
63558
6418
87281
66210
70666
36536
11317
20321
45734
83593
63186
45227
15556
66520
75641
90014
9408
67775
79231
71805
4116
28978
32182
60456
20796
69673
48636
87675
18999
88251
84846
71175
16108
6909
88986
18691
67436
36146
35800
17835
4192
37816
15979
21436
98276
29522
47210
16294
16682
257
67398
8684
79999
69538
17158
75921
5437
44737
39021
68958
54308
98688
89012
55027
8249
68303
23946
13851
16609
28856
97956
69797
29240
66854
14410
61095
33006
50067
93621
84059
3642
43510
17635
64325
73504
76911
84920
18753
36161
29889
88673
97713
47078
98676
96679
4200
90422
11486
7808
37016
55664
54185
33856
71109
79294
78574
93378
61950
62281
77018
28227
32636
63383
8149
99460
45270
10093
23479
17189
97794
62505
49056
89598
46162
60496
89765
5138
76981
16561
40522
29324
69957
84728
1998
34357
84664
8460
44910
49502
37436
28309
32996
69746
28627
85118
28837
65913
37970
13436
39767
18445
59660
40512
10747
42894
99766
10692
10420
76060
77618
60277
46296
76323
47358
147
79293
29937
4017
36898
16510
56759
96891
61388
47486
39089
4703
41143
89370
80355
59313
22922
61141
82282
97647
38115
66475
96048
78239
92815
52549
19437
67002
74819
49050
52666
19401
88657
40225
41329
32549
94165
82200
94632
72042
58706
83421
83179
54505
64216
27086
19765
46870
17998
62886
3331
83957
54326
650
20573
99588
95934
6594
46106
56095
5164
84969
67068
4817
32552
3762
11003
96278
32530
68882
92881
47197
86474
72482
96269
37768
29701
23789
880
33396
84225
57029
83965
30003
99112
18252
42513
38671
57549
68918
94095
18914
39669
99667
93944
78031
33830
877
14750
78736
49723
30045
96273
2772
67685
12803
341
97915
48339
53148
22444
69304
33974
42969
22747
9072
13978
9296
92939
84829
83473
43938
87414
38369
1641
19709
3006
5774
56359
30341
5587
70494
50784
26613
74521
39710
26800
52957
79986
59143
70357
59951
33548
90194
56448
52295
31539
13471
67187
12989
78612
602
80348
55881
63821
37842
16225
80632
54450
22956
40352
73655
1671
66443
16099
14743
59724
52916
35512
74645
25541
14514
55511
98178
17846
33284
34805
97659
8309
67758
34331
71152
78899
87119
90730
58044
29931
99046
38676
44979
87404
15612
10790
97437
95086
95084
23531
55692
18898
8814
31825
24015
18991
59036
63874
70589
90017
26778
52075
55206
2032
63330
27687
25498
75527
68048
57498
490
76227
4620
22754
16467
86420
69164
48083
90374
18114
70249
90849
31712
62176
67177
5190
85668
73714
11471
55475
36331
67912
28619
70910
95740
65324
5937
53010
44359
21112
45918
45777
45915
16104
40987
89483
48980
29863
28755
86024
25874
39165
37586
94994
35124
99906
41733
36593
38314
51457
11921
64633
1275
71254
4585
50218
68211
7049
19093
79892
97743
63490
93773
35872
77142
6770
89311
63043
14069
73103
29282
38293
11828
42287
50792
96638
99625
79008
22780
46
39009
19158
83036
63081
53654
36325
63859
3974
98643
81804
94191
38228
30492
25808
82367
68177
28624
85682
31172
69332
63958
92263
70402
34143
31708
17245
14047
95701
34859
20073
37718
26466
72715
92720
14668
63012
20794
18852
87777
87427
93392
4186
41935
22630
68910
69482
41831
84972
19068
32155
53667
65180
16184
1434
93685
47673
61545
74451
88893
59997
20039
52569
63814
99276
3556
7621
6928
9612
9526
20203
74072
12287
16399
537
77413
21766
95462
43219
72570
72859
11204
12862
39677
49040
28723
40181
19005
18336
55949
60979
55786
6417
35654
34680
42947
35215
65137
67784
63104
13108
66219
15983
89891
39545
12703
76303
66068
21192
6456
17346
274
7255
10249
65703
79289
78178
83957
55668
20199
59965
96081
57690
32889
2021
21891
54913
68821
82803
71612
44585
2311
37493
29009
71850
41261
53607
41164
70846
60408
49729
82604
99568
17415
41918
91585
85070
91473
25154
18959
69835
83949
71698
32056
23075
57775
75979
79200
24859
89077
28151
32271
9697
93751
33383
69706
96458
22192
501
12322
91540
75075
92333
29271
98383
51539
92919
86273
52506
37910
86339
77481
24144
68232
27044
59639
39624
70618
92397
67583
52054
91888
51844
82739
71932
80931
16974
97129
15492
11070
96677
3895
31834
13010
20310
91045
42226
25049
89448
36144
26279
15092
52455
92919
85200
67774
72
10791
64259
27936
46545
32441
54336
65698
4340
99893
53328
27059
77583
6608
72446
8507
56986
33215
60429
15600
28554
66191
64435
9233
85667
65348
75811
36537
88784
17255
59792
99070
56288
66711
83289
88519
15344
21259
50380
66288
77438
53838
54478
66724
74626
588
21663
17017
53478
89478
69719
97368
6756
577
81860
31533
99864
85308
8319
4780
85550
86219
15374
64400
70350
69483
17052
81006
75977
5833
31506
31881
54783
66379
73517
89060
76833
89002
92970
28661
50702
76027
9351
57189
20932
39592
98580
22773
25666
31601
41886
75878
95916
52250
36891
4490
36396
20744
77462
91404
64480
18458
80978
82074
33423
88155
39408
77909
22545
8074
31228
26682
42964
6810
21563
40519
1317
17472
79870
11622
61980
61389
4779
26867
81518
5750
32982
55108
17445
69929
35532
85456
47473
47751
89806
92902
53273
58532
60975
18694
36006
70245
32677
84489
17989
46473
4176
14996
10528
67150
71852
39721
34744
30937
50525
72585
84905
24335
81410
41794
15442
43504
94932
55798
17642
57765
50492
11485
7802
40991
37793
92772
77102
44361
18251
37349
66580
22269
84638
71378
12698
97089
5340
28724
93471
81805
14740
67456
53183
50379
49601
86323
72462
14145
89897
4937
52120
55899
41506
32864
11563
60833
94711
45216
17730
92946
97260
21385
32590
71234
50969
61981
74091
91098
48347
46234
92591
29543
77717
94488
27097
80588
62561
97500
93805
12186
27361
39846
13232
43170
49903
68801
26413
73208
57362
79647
70889
66604
40915
3880
70375
53173
86627
18830
66215
81432
10119
31680
15906
51506
68912
14609
50556
29328
60285
96922
57347
92610
79216
53037
519
6375
27116
15117
95541
98880
57618
36058
20416
75123
3841
57104
985
52584
96816
45376
1412
43415
27488
90995
38281
90938
43817
61485
28412
73681
25624
9911
98978
19014
27298
83265
60559
30368
78303
6404
65264
48214
94799
44959
4618
24797
23696
29731
67892
52868
27086
782
37480
9566
45
61992
32508
8029
49134
59834
55490
2700
91710
68462
98273
14883
19379
27607
95252
37130
23169
50805
60360
81396
51581
89028
95716
29562
71316
55136
58124
60842
6621
33340
63300
76179
97192
28329
38702
18279
68266
80640
2354
65387
7753
20925
75884
87027
9695
4186
73132
52020
36867
95994
67369
90249
21614
20640
3857
47413
36201
48968
98780
43256
84811
7682
57012
8592
58611
46520
49182
50381
45485
35817
53380
59908
33221
23367
97420
86050
34364
27800
81942
94877
9347
12944
63260
45093
68794
6917
8405
49706
84712
482
26073
73102
16416
16810
2073
90575
53456
7029
88778
17026
26944
75884
85402
2839
75825
20641
39284
75528
9441
78024
33327
14850
23309
39213
85201
92487
45128
71061
2328
30532
30452
76154
18234
41146
85749
98276
13057
78677
75728
77187
56734
35858
56758
4174
60643
88694
10898
88545
24676
36044
58739
65421
30386
20015
89802
19244
10525
48981
10225
3756
54694
80023
82386
16627
14727
53970
9221
22263
84106
27197
21925
98394
56628
75928
56833
71316
44781
74580
72988
4274
70616
62920
96964
5855
40837
644
65272
61118
30679
55490
64576
21142
27636
2126
45606
47048
67966
39383
53954
97250
81745
38338
32354
35794
97674
14005
95777
20341
21218
96147
38326
52277
5291
38851
15600
34457
51688
27612
1528
25463
82011
86832
74759
41376
10412
93351
8306
66992
72757
65302
76870
84227
56628
93722
30016
64696
18590
31219
54042
52497
82881
27224
24373
18439
77367
1361
97786
42059
51901
27986
91825
21881
5247
13520
17309
91553
42378
74455
92387
57819
17221
67854
80260
94873
65155
58550
22728
30018
43697
476
69729
2406
37678
45344
56309
32080
12438
91899
48434
1350
57669
10390
68791
16832
54137
32519
68460
60311
72894
4318
69996
14691
1688
53012
59934
78702
18974
67043
22160
63641
61346
75126
75429
16688
22144
11461
56018
41976
11433
33398
43348
36510
2145
53252
74545
87986
75261
11122
66364
38927
95901
82416
53402
47222
42079
54892
84162
6664
50315
98485
45029
44155
12271
21812
54295
48246
13655
38269
76591
53902
27902
80394
51338
11924
62919
51462
41271
60848
58659
12706
68310
36782
14117
25297
75697
31914
68626
93062
47355
3726
11510
67097
26327
44921
37114
95735
73463
49192
57313
62889
1972
59476
22898
2210
80184
58546
92317
18365
89613
97111
19920
34533
719
20838
91102
95908
78426
95168
59971
41729
13921
68761
69541
38100
97134
60754
63562
95094
13754
59203
92015
29461
28227
21512
96417
65478
31833
43170
38545
34199
65135
6690
23136
72166
52419
86899
36272
72645
2159
19348
67679
39219
98517
4304
69323
77372
32355
58537
2399
88733
60237
1503
37885
48496
58132
19000
78539
51062
71692
97919
83163
16726
54018
84069
94512
7797
80652
98548
92519
58057
52599
35563
29006
55578
83274
55511
57108
32370
61132
64842
82139
19516
40796
74808
42098
52997
63551
69041
66447
36047
24545
79078
85202
53560
90564
63115
81568
64048
40336
87717
41395
73949
69806
21997
17603
50189
14861
53521
57295
45644
42668
61953
84133
67022
33168
73566
71576
53592
8952
80939
42754
36013
23856
62400
1805
3429
13651
60610
24408
80008
89390
21313
58515
49640
12933
4957
32052
62291
79466
95399
20883
18568
83593
92058
55582
15948
95003
64199
37054
45434
91982
7004
42129
7422
26489
52299
22304
34207
47855
73377
85531
65394
5971
94038
70662
97329
47825
2719
23758
71435
72937
16465
66388
4245
17342
52113
66099
30706
11046
82542
60634
76930
91289
95212
39508
63958
13082
5851
9133
85972
33844
28693
73043
72691
4527
19890
14877
54736
95164
63613
77102
44149
40784
78415
53542
27512
728
80769
31728
88614
70823
3536
92103
14733
68754
21855
78292
88958
63549
59361
43348
11635
28649
40723
87945
35231
9057
91811
89926
30132
82759
70601
65593
39679
75911
91625
10913
84247
57545
56436
68210
3424
91211
82709
56782
50007
82959
41507
51790
71499
90253
51970
95755
14057
40965
91498
67299
71637
58244
45534
22082
84313
40716
53663
9393
89026
93199
31463
13854
78313
79807
21664
67304
57279
97670
91904
39551
74940
87958
13028
93501
68821
62796
45676
41777
93796
53520
94895
99772
62068
49349
7925
88795
55122
98845
20567
98408
11866
78035
28908
85313
4541
32627
57703
13926
44720
6448
60191
2366
60033
82714
24140
1609
94419
87067
45657
42405
49283
11654
46203
92219
87642
5840
21604
84751
36010
18330
86813
45533
46748
67912
93951
6581
4283
29141
77340
64666
59800
45037
62484
50750
27832
94376
97526
50623
41613
38355
51959
71835
76583
54764
84124
61492
17697
42452
39290
73826
29249
48776
4340
52327
29504
37101
96731
56279
50668
48588
79869
53435
56294
70061
91214
39796
45754
804
38729
1125
79932
47978
90140
79190
51061
32096
51441
36221
9087
16891
29428
42802
81255
69403
69082
59589
63412
3011
41843
90813
47278
22875
10986
97343
62221
53995
24909
10269
7345
48598
105
51220
91097
27724
49008
56985
56590
37613
74162
78960
66340
95800
17918
76061
59518
13078
90838
64232
18487
93767
45249
90247
8095
92103
72444
56570
40922
26207
62572
73443
91845
40540
79415
96903
23542
6625
12680
87685
19850
28831
47413
95117
48342
36381
32384
53861
91952
6491
95613
82432
83728
68324
90286
93543
94598
65599
75843
44678
70046
65047
58465
47606
91387
865
9706
38634
16287
12388
31315
10253
2422
6664
69485
50846
71541
77031
63153
84198
64340
77231
78110
35880
9930
89620
8520
50059
45527
586
27002
87651
24214
10260
76832
3411
44124
37499
9230
25477
59786
15034
20017
56315
18640
99171
60875
71920
90814
85628
9129
53554
9849
6393
14746
78591
21359
58998
41806
72461
33987
17566
85798
18942
70322
40360
89765
57200
88569
9624
11247
13454
69165
16835
51241
60375
82200
35463
94182
6383
79982
56137
79189
48997
98855
58118
43487
61997
3223
59408
29108
77641
87567
20149
38500
13600
79776
68259
19539
59154
3508
93778
25404
8122
59820
37431
275
72244
81635
62298
74306
45970
13451
80461
95682
63760
73098
36080
59367
32971
17080
65610
27669
79608
27173
70193
68654
25787
43513
84253
84966
92215
10824
87306
75962
95150
64669
24814
65598
31129
21339
12890
14319
60648
53507
46126
63097
82177
99737
9853
25434
58981
28553
37216
92283
52598
96229
86050
31362
47953
65649
48462
50643
66304
18265
310
32443
51274
71338
79831
34840
64227
14092
71479
19845
78665
68413
23059
30344
75695
76995
93254
26426
44309
4044
90607
91581
4486
22216
10289
82711
93219
36738
32183
69390
38767
21330
1046
50355
2000
62355
66045
87357
87058
56099
52813
79790
51692
32408
5273
70930
63380
74546
84719
55923
47461
41080
99623
41425
49279
15893
20981
23216
15502
12703
48292
84242
82762
77360
69598
9215
389
37551
64440
11687
31280
539
64185
7909
38735
79727
80910
16905
27214
73611
48875
4888
29138
99253
9860
43649
95951
64803
33678
85594
983
38814
53117
62379
91777
45412
95241
72126
32984
43737
54129
94424
67452
14432
57822
57983
75632
96737
27793
94827
40317
46777
33386
36198
81166
44681
62279
80408
22610
39454
86454
99822
77015
46732
48551
41352
12118
36582
48329
68293
40606
62633
64600
38843
94184
33129
96492
58983
15130
86586
52435
52484
24969
17344
25260
1635
27236
86051
3558
32785
76075
66448
85329
70498
43447
30609
39957
41996
5678
31450
31674
74138
27589
97460
81044
37716
95392
6659
47621
13869
70880
30945
42693
45393
90045
65702
13238
34489
85551
9814
71466
99977
81591
13519
16196
17691
77573
47440
23485
52764
3540
34889
24573
26386
63979
62982
78382
39868
51153
28648
82921
23781
57794
80129
69879
13535
7003
61768
42900
3448
58039
83068
3777
89051
88689
23081
27473
21499
53322
35113
90757
3074
35616
97435
71591
35114
69647
13836
46732
66925
3983
29751
97032
86098
83102
89582
79049
99300
30746
53062
72721
63971
29299
79804
73306
91012
85531
52508
74611
74586
9802
7783
97854
10496
54288
10729
28946
4162
51573
4406
4878
80144
97038
11747
97793
75162
47956
39313
37063
76402
76682
36249
683
77566
74415
22947
63553
78443
30421
78587
10382
95206
51394
3485
80242
52147
13746
35458
97832
58512
60962
77695
34101
31735
885
57955
20519
30846
3133
16991
15665
74956
83619
64298
51707
76807
87968
87027
55696
47900
46858
97489
46070
72852
23422
88918
3320
23490
11039
92240
7660
57403
76592
12279
77826
74997
66577
81548
8075
63979
61590
50774
39893
79995
98320
98590
24567
52996
85028
19222
53328
22
78613
71071
64976
65447
47016
81806
4916
86662
70150
70590
91039
59277
55793
52548
19163
18127
32675
40114
68912
37468
13588
88308
25682
87146
31017
5101
59867
56344
3451
54423
82223
74903
96378
90986
13080
33497
88476
13280
37840
54514
21810
80494
34945
43910
6977
35720
71852
48916
80308
81150
9365
72847
73466
84338
74151
72664
18393
32052
45839
9620
37710
95682
98576
53647
87952
88587
33387
96707
15608
85417
35145
62314
16988
44506
31947
88551
66160
8186
12735
43106
19112
63234
41270
77796
32409
36733
582
9343
68032
97582
46252
5409
16333
70164
71309
68704
51245
9051
73410
10300
98103
94330
39087
27054
19977
76087
29516
99545
51252
46103
61835
42125
68953
51996
97571
50809
77768
89892
43009
88403
7999
90720
14060
36810
82844
25608
3406
60588
8411
97507
97422
11686
60186
65656
75530
60863
67949
42041
67473
26334
1873
61513
95326
85572
32275
22755
42881
6734
20836
14058
68953
43045
13080
75669
74586
8580
54015
33315
20070
66979
64576
51499
41669
319
21043
42828
24002
16609
61581
61120
35526
8067
95697
51340
72848
52342
45216
52598
123
58824
46167
35948
84912
67706
97592
52052
64204
27173
54413
30447
90586
52134
32062
13265
40588
1579
17672
42363
42486
25851
70308
97406
2581
36310
78841
90852
39399
12941
23735
85682
10005
36052
83381
48760
53876
2962
96296
9569
46491
18350
76690
30249
16884
79731
63555
49337
67419
29052
34000
4495
26197
24355
93343
55462
82629
2026
32290
16673
16247
89820
72406
21755
14706
95984
93178
15773
35198
10673
52065
55801
67450
43476
86070
69259
28404
91547
24937
4124
53252
15253
90193
75797
24720
48926
78198
85895
45226
85290
76297
62074
10065
2276
76633
90407
42347
59037
22681
58875
56420
44652
10460
86421
42950
18832
91477
98865
14936
68000
76416
17831
37524
62759
40759
77008
54716
24319
7332
23096
62073
59579
78770
98785
35775
24069
21980
60159
39142
35388
42106
94085
72800
94198
87998
1346
40807
32358
69462
22427
49827
21754
83754
86889
6755
4732
37987
40548
27674
52787
33340
85113
44366
89886
63699
19406
78694
3791
58991
37998
13051
77306
77750
92963
70565
64722
49652
26993
34272
77171
13739
86260
58223
39619
79850
89311
81646
90545
42528
94754
69458
85130
10346
63101
20967
97810
51097
33709
68901
85612
27555
97140
3660
56871
1774
31697
31902
85128
7650
99861
35835
2714
16217
41987
99460
76663
26626
22355
21533
11944
69794
23188
22111
78728
94707
76105
65477
53710
24461
92132
66141
43026
10804
20290
68180
76040
63234
749
91074
38804
43505
56013
50585
16281
64318
98987
48675
79836
952
87691
66648
31902
705
56956
848
61381
58366
42127
3739
72817
50221
89170
67566
27582
50870
44175
16886
58872
30820
82073
84596
2269
40728
64733
62274
33110
53809
61455
90421
26540
82607
61159
40250
35572
16037
48014
38412
17280
37595
55027
75569
60372
67934
28264
31138
80835
44511
7485
45844
58614
50471
88187
5066
60502
25848
99313
17561
96712
24717
37672
42729
56903
45072
11400
12381
38268
23497
32191
47742
35980
50845
95319
72805
4279
71345
5363
80616
12304
32337
68503
16172
57265
15611
41837
43954
99570
17265
5515
63107
95550
41621
72028
23441
23436
36751
67690
88508
55914
52497
50159
78886
36191
37831
61468
97437
7553
63251
40737
12116
93554
13139
89538
59250
7614
69419
18787
70078
81149
45528
48713
69244
84441
75913
19232
43384
76490
74640
90235
94034
74165
4840
36551
98635
72038
89029
81411
35361
36716
34659
86721
85756
49388
16894
91084
26217
66560
39783
24962
58661
61394
81992
99417
79477
52663
84545
13702
80455
31853
90904
81333
28069
30603
52391
93729
94033
92954
99149
17757
49842
18904
12625
32696
34774
60013
62842
76657
60744
46444
73964
58253
87098
67353
69945
70181
40046
6637
23249
5021
53231
16928
11236
56544
19795
39770
87870
56563
3811
87274
70202
82493
52243
85576
8587
26083
8756
21236
53104
81179
75744
87474
89810
36992
91379
10938
73911
82646
48714
4342
66936
31459
33883
29237
93210
16345
5269
41625
812
25341
56913
11070
46734
56882
34179
35668
38616
20373
80841
57067
66239
84057
14209
84969
68918
37554
57542
54911
5130
15520
86614
69161
78402
54555
5991
50544
47266
25220
30128
14994
11223
88039
95237
8892
59991
38847
16609
74726
48686
32564
28359
54408
67999
24246
50740
20832
55070
5655
45335
62228
95973
22446
29710
92806
21436
83163
96484
70670
93070
50247
74367
69558
67343
84310
50052
27147
79851
82299
43487
13887
72046
22806
91509
81889
18215
71207
54240
4351
24848
22457
37453
38625
6542
28942
66671
37794
465
56134
7692
61106
41649
50391
10420
786
25405
93084
72364
73075
13854
66948
2040
78467
16046
68028
22078
19723
95702
12479
43479
49760
39992
43714
15775
80995
56429
70140
9277
26058
27517
82400
52553
97452
86234
98629
40430
51428
46372
11208
21145
72731
9775
48296
800
43047
39513
95149
17315
36940
77037
32184
45987
2145
32239
19300
83718
22152
16472
57466
14308
41342
43547
33175
16152
29511
23489
3144
45560
71666
50162
84973
63973
61896
34591
3938
9794
75989
90407
92854
97840
7619
54842
77916
46910
82135
96842
40653
64534
70257
64971
92306
52365
78277
22117
48407
48673
6394
37130
49763
72526
10756
49147
97786
20854
21649
62200
82877
58429
60959
29663
46224
33183
8897
72092
70263
55258
92117
81922
66482
25003
75703
87050
2442
7394
16594
75744
78258
84502
43866
72216
19116
24762
1107
37319
25979
80141
14563
38537
30341
27459
98130
38972
87487
98958
9745
84944
11960
22989
87484
78583
92715
61343
72227
15116
5720
88718
20983
32047
44205
1541
43690
19188
56508
90683
69368
85325
30100
91839
31743
36789
91835
66125
75051
96928
16024
1396
82240
70849
47905
18312
81911
17142
85136
4786
55209
644
17832
79806
34030
52564
37984
13558
21928
89787
46468
94646
55795
19954
4645
58720
81248
57364
34201
63042
6676
51982
22319
83774
51010
71235
10103
54768
54847
14193
41456
32080
32264
19392
2956
91321
94192
33837
18897
88666
12881
22029
33761
30368
13460
83057
68031
49684
83122
69745
12357
29122
26082
6732
68351
68060
74812
4115
21958
18578
87743
99289
8436
54873
18706
22373
6836
70362
16327
56147
38526
65819
68098
11746
3320
34056
4724
18634
65941
19895
62672
27024
27506
37779
49538
5214
15511
58556
82538
9677
20933
9895
81834
85218
1180
27146
21819
33021
16931
7118
83597
49147
55744
48130
38607
80693
39774
945
18957
67329
77053
45030
57969
69813
44820
88615
60467
77807
2615
31291
96838
59171
90243
9490
84342
4233
48457
76338
52652
40001
69564
12173
99533
56622
3772
94512
20521
84976
74797
13248
23102
29112
40387
59212
98680
42776
59097
91220
75729
70377
94762
69312
64000
52627
7125
50434
38110
52739
9407
26771
50636
14147
79871
32355
33497
59788
91346
2349
49171
73773
20290
66927
56695
96973
10202
54301
56705
89127
53589
35212
35163
88247
74438
47797
56574
47397
1853
31537
51546
7884
12621
88175
23869
44070
27848
78146
83146
57022
73106
33353
44899
39275
69597
481
61609
43983
94344
42793
5615
4127
42840
26730
24165
22239
562
86781
3623
72201
24053
83278
91804
40593
99860
15507
33445
15463
10618
50794
19436
92557
73545
99932
47354
4358
73029
62251
77874
24990
81056
9765
80594
9387
20474
57285
1344
71732
83105
47587
6996
13633
47620
18839
23585
28346
65115
91257
63161
72121
91629
70698
4453
73477
72348
56559
45284
90402
83606
67763
80958
37419
37734
69273
89627
84126
32473
18225
15812
36964
9733
70657
53472
30119
52678
20052
94026
75160
76966
44122
74105
35355
25205
44367
99413
49291
6085
96520
83306
99645
8062
40196
48285
59814
31839
42672
31135
92293
89466
38450
72113
91480
75734
46009
30946
45243
43453
44487
33484
55020
36216
85928
49917
82127
77364
29673
27311
10839
25796
88492
92371
28801
40709
22984
54667
21779
27580
26873
71657
57006
77381
68863
12236
16307
27380
27943
16850
53159
15312
68497
49527
55270
91338
87784
60368
84358
29807
53556
3543
58835
5988
18100
61490
25490
11312
16205
25087
41811
66427
63971
71370
98520
70867
26257
6832
30981
69935
31972
27759
9001
72554
29627
48494
22882
35449
5197
5725
25424
20002
11575
85129
21015
79381
40673
32354
87366
31889
8863
85691
85240
36721
9013
89612
7612
42239
78159
23373
10255
43308
6118
91025
87169
53180
38848
7486
58863
56944
71231
9883
37669
36557
67846
53620
6884
66149
85675
74933
55162
11122
33118
86102
27664
93789
42334
77878
32078
52451
11186
69042
98533
25607
17996
93360
13817
50487
71795
24864
99329
73930
97103
14800
25284
92542
41325
43198
65617
54261
68186
51733
91088
90892
88900
84493
77318
95362
13106
35189
33389
75264
27743
4966
58376
42732
68842
13195
96255
35550
24091
73703
94072
32586
45945
5176
30664
2681
77559
91322
994
83270
28762
26539
7802
70286
57388
74301
33029
83088
95545
20946
89820
28435
83162
74151
53565
2475
69766
96156
75176
98592
36095
65997
60851
45093
97559
8822
31262
84695
40617
75541
57787
94132
86504
82600
88344
60071
7842
97148
43546
95430
87424
35612
67723
25902
25241
60188
87846
54207
55347
76759
78972
7364
33389
46135
73042
21797
26713
61904
97217
6841
8323
55906
81396
73843
44046
83419
80301
31708
59044
88229
92501
10771
35613
78391
83793
84191
2648
11827
92787
10009
45319
557
22903
21203
52029
61844
56681
63759
61160
18845
23304
91144
73984
71204
4146
59847
85508
8071
52666
15917
45450
75916
58610
14664
10045
28469
11532
94095
49037
22523
26767
70964
25406
14481
75401
18208
57566
36230
84427
1799
3136
15524
34887
64052
44280
12235
55449
49719
48328
67098
3442
64890
10484
58911
94000
57821
19413
46850
14926
55108
780
70847
24652
62473
71251
6146
27393
27999
42783
34291
60296
3783
19530
24498
66230
79924
51845
2129
37163
94850
46745
40216
66594
68726
95781
64437
29989
86772
57342
65034
89685
96130
18154
30531
96509
45924
98822
8745
2107
6511
15940
10035
55238
92391
84703
56592
49540
78150
27402
32435
31144
83929
12828
91503
5337
85223
92225
49623
42937
25376
61839
65561
16971
68721
55904
25525
91739
53515
67766
54606
9582
81891
16409
15044
70393
31076
60395
72659
70861
90793
82849
66249
60528
35051
3439
14764
64857
92377
46424
46920
65687
93287
24808
18317
39898
79995
99497
66562
88706
28514
316
91901
50231
46791
9056
17248
48199
43087
92780
72972
53586
49056
5524
29823
14680
50621
74206
60638
59578
94588
96052
81766
72586
67920
16164
13216
31598
88767
8985
40354
35563
26407
33553
1033
5512
1931
35455
17696
60699
30850
16756
3624
36038
42964
77458
60203
68895
5329
64909
55758
29024
26035
90349
19164
57612
39562
34507
75940
80126
40758
93878
73928
33457
4170
12809
9886
84953
73985
84590
25100
33167
28697
13224
23489
98132
78162
2233
20615
51407
62094
56516
56201
64077
99593
14873
41779
53609
49770
34102
44223
73101
32724
91520
36737
11894
35682
75490
92393
75663
70125
16507
8727
34506
20810
90001
50219
73225
30662
40923
68313
19908
10235
73162
69126
22768
91131
72232
2911
51374
31086
21473
18282
40820
11126
79054
81022
88017
91816
85387
90391
33257
97057
98008
12170
22102
91653
87417
58484
91642
19828
68623
59609
97425
5175
17240
46164
48133
7926
53418
20992
91549
6784
55548
48840
9257
16580
1195
60407
62515
43757
77452
31003
47129
26150
99061
43860
86213
15064
50150
633
98041
79163
25818
98184
34517
64400
19265
23933
97844
92515
23869
83074
37602
51316
96864
90715
29528
62024
95438
86807
1307
60250
85566
44857
85726
96382
63600
3925
23573
45298
26579
92046
63130
14385
32435
10859
48172
18136
86778
10385
64462
86454
36186
75105
15235
14872
31932
24224
13604
48517
86804
61315
9294
23404
64127
47506
59787
49970
25164
21430
74818
93393
61227
29075
11370
85177
88811
68778
3855
22447
31480
40531
16883
4706
14537
80556
57236
23283
13523
82189
38277
55363
83574
12002
65390
39345
73913
20659
19413
45543
22149
9811
25346
7072
41366
63467
22161
49127
54221
44614
15267
81652
63375
91469
49585
43597
86869
24127
92306
76123
51323
94053
87744
86132
28852
77608
91513
58695
26156
43809
87164
46210
31439
24079
61725
32786
80153
40266
98138
86372
13386
59562
10043
88219
8904
6028
93287
68999
84303
34158
70858
94910
66590
30917
90836
88226
86487
72721
28124
16154
97353
97463
62189
69141
39264
75246
235
31873
63809
23140
28118
19374
66464
17884
96493
74980
61239
43152
26317
10970
57144
43300
52370
70167
60642
43154
79609
93593
67837
21058
37593
3080
76438
84870
21263
82357
83888
53111
47334
86491
31936
83682
9960
86422
62175
81155
75962
77072
22178
77837
50066
84050
77280
79171
31720
39267
13846
67984
7555
36678
62332
49586
76771
13005
80705
83109
62171
21000
9407
80193
31964
30651
24613
85912
16551
41176
54874
11989
89207
92558
14655
46456
22082
67810
31436
62740
89280
79701
23896
41501
53452
38539
65571
19900
76979
11134
65940
47832
19555
1315
43836
65892
34379
19983
4787
54660
36536
30655
42566
10662
86697
722
9313
43750
58598
79907
72084
31925
7093
157
59555
59556
85627
43666
26372
87138
66524
34890
87458
231
45794
40269
53413
1864
28971
25601
58693
89890
86386
97378
21900
41764
86472
88531
65625
56287
80373
37483
9463
80852
33541
40644
95001
60811
7760
70330
67877
16609
70846
46375
77931
32200
35077
97055
49833
4766
30857
55938
41996
69001
25445
78961
91486
92553
76467
80686
57767
18605
14882
37301
98835
83674
60350
77084
73285
10321
57618
62680
90374
45554
15930
46311
67920
4089
16500
39948
36747
50266
80966
87175
93777
42183
31297
5339
74279
83560
98513
49140
4332
18660
71303
24208
35435
8355
7575
28548
57825
53805
96940
42073
65749
4400
64656
30691
12746
45528
31644
69970
26305
45014
92840
30198
27344
77103
72400
81620
45983
64264
7948
11263
28848
34482
19661
87852
89518
96392
83264
27829
23133
82787
50106
66388
31533
87604
48610
96694
97148
41963
24894
20066
40625
74715
74006
84699
16054
24859
20560
89564
18469
53217
15677
7986
49452
42816
31442
34332
31760
90039
13362
20399
34116
75942
62021
61944
5232
51857
63348
49049
86712
46867
79044
89775
86004
53989
15819
72275
40880
34490
80552
55750
13319
49883
89030
79228
93921
18589
99905
19268
37839
87982
36992
2337
84205
77205
55810
17767
44008
44183
70608
21226
75463
7606
87319
87306
25369
65375
438
92127
96504
16190
83489
29958
49208
22397
67746
32804
34193
17842
64784
76339
3225
25354
6989
2455
7575
30396
43871
10578
92495
72243
59552
261
91129
41609
30544
73341
50967
71539
41173
28529
23875
56292
57952
19549
62275
16395
65162
24988
40637
58118
98029
68487
44754
68576
27892
15399
35049
99998
4290
99853
45218
25265
740
91435
67374
22887
94629
31966
82276
13141
64123
80288
48013
79116
71065
71956
39956
22683
37619
57222
52833
54540
86960
94849
52175
26239
29012
7684
76598
15122
2827
31787
4583
9720
39485
80926
85985
18375
81642
19713
27478
1425
57707
8331
40626
97477
24981
38159
42621
32612
63279
12291
29473
81014
71644
13902
51469
27627
95904
50906
83037
82178
81007
56164
47026
3452
54387
72495
97155
3169
15149
70700
633
91350
78065
91438
18445
20113
25318
75080
84888
52472
34192
38540
14654
28960
37135
81729
80614
2896
83015
4152
20704
22524
69216
34245
3020
50118
93840
39506
45395
74595
41402
18784
381
99586
90104
97860
88556
78047
14071
54690
25540
94438
59953
54648
97095
36635
6116
66037
7213
77328
94823
6456
70963
58807
88558
6698
35382
20006
84867
86197
97060
64940
34929
68264
79569
70996
9787
70446
30365
76828
63803
43080
84180
44556
83057
28241
38898
73329
98134
18324
82930
37557
66661
52569
35754
60082
94397
69356
88269
89773
43092
82941
56313
15414
10415
46237
29565
91578
64360
41875
42690
75477
1047
52475
33830
86330
71713
24729
21970
72385
46253
42487
70635
91331
24679
63594
14708
43613
961
58602
77816
40053
15850
6207
56656
89354
93184
6280
70007
58310
17382
45197
69816
3146
25781
38182
29301
35288
30890
66696
41527
75740
436
99191
66746
82868
8785
37772
98333
87817
55305
37749
35447
93923
28768
39078
72978
39934
59512
86196
13667
19876
84831
57546
4326
58854
87812
19057
76025
33992
17237
57160
64561
36400
59631
27290
96260
3739
5777
71788
89004
86672
51088
19036
48856
59703
45233
65920
32399
11592
83450
60409
55994
69739
31767
72134
12025
28053
35189
98694
17267
82062
72826
22200
38199
79556
24122
91404
99641
18936
89312
80244
64336
41737
78474
71259
54137
19528
66741
21163
6187
50211
22746
42207
56256
75175
18453
99486
28150
73588
90861
21404
68074
72544
79569
43993
96552
53820
50177
73991
89983
8224
31311
72807
58067
10265
93283
62660
34986
65124
97826
1978
60483
57209
18077
86337
20843
64672
74395
67251
28887
41879
9096
27901
84564
19980
81299
55513
42157
86265
29856
76897
50040
43239
49166
20943
73521
38416
14514
859
43661
96841
31837
89959
99258
53782
4756
26298
65249
5358
96151
67399
50761
72635
50949
38898
2577
29700
91267
81268
3693
73020
44673
80996
31482
3987
59957
8386
9852
83440
49764
4519
38697
47520
14755
21326
35242
71809
28254
5949
75458
85659
68668
10787
18026
95695
646
72594
8880
63578
12321
10968
69797
59129
79525
23973
68699
14424
30667
32403
8074
45539
651
60360
25478
42608
1419
98469
92481
30595
58321
9790
93916
15612
27837
80874
51991
65131
28667
82101
50738
93990
43255
67215
37563
34549
61884
56101
68884
62796
42104
30572
27908
36444
98725
79485
61918
46987
22996
11003
15515
83729
46824
87285
34892
78848
58124
31975
33677
52866
81712
35488
59363
5674
39745
86681
85297
19474
47548
77149
10798
14846
83922
87308
74821
39477
93771
85632
1140
62140
87207
4722
53530
18871
435
46882
75664
49469
93180
344
74618
27616
71876
98250
64846
24700
35572
72826
6235
11340
71106
41676
19723
39246
7113
33421
51157
57118
43893
9264
30488
96906
66521
98301
62315
72203
5441
91377
97329
58113
43254
83051
11830
62570
18305
69627
28279
76391
96593
96699
15940
35303
11577
52639
50670
80138
93014
88335
60148
97756
1305
79778
50856
81637
70511
16889
23736
26282
99973
19950
74847
86274
51027
57599
84325
12980
94901
70966
87710
16140
97104
35714
44310
24999
33896
70730
94426
36365
76790
16905
32588
25763
30592
64547
56285
53418
97766
519
39274
60054
73670
68788
51601
76575
44517
90092
37979
22334
48153
96129
55492
54830
14479
31546
968
49471
52502
64916
38405
13091
9369
83677
63251
40435
23115
68718
9506
66485
77140
32849
62457
5215
729
71199
15219
72229
88675
63921
86541
11300
1803
38844
83235
12590
95668
26207
32946
37606
59746
14999
86976
22124
78605
77665
49552
93343
46616
94345
97848
76442
28152
48828
3457
5295
57260
22881
50364
17370
9831
73854
77684
34198
66841
50039
43827
62521
27790
74811
71377
98465
40793
28077
39113
95833
33539
49574
82272
96060
83814
54969
69740
13746
63250
29837
95400
8907
86701
25679
6463
71961
28400
76020
58759
31555
9408
54278
52746
84257
89811
47837
11015
34844
68240
10511
895
78791
46246
43032
99263
90145
34075
69090
93097
53166
39348
12678
7763
30620
48390
20276
66139
7453
70843
31467
25591
40216
31489
82132
12062
81895
47334
55152
46942
34747
962
99973
48701
63735
95113
79329
81076
27201
90208
8132
13125
7402
27861
68517
20258
67342
81208
4166
74425
87939
79250
41113
47363
70264
13960
50253
48354
76101
44746
60240
88336
88459
76659
69104
37201
32814
19360
5779
38705
22828
38476
93459
25522
12944
11915
74142
74860
30180
15874
95018
92131
57838
1270
39301
24160
89653
43145
45217
91282
64257
23767
45412
78488
37939
47836
17414
64985
55748
91279
21343
1274
65754
52
50606
3649
84964
29269
35057
86780
48245
3092
96219
24269
54870
34945
63244
36980
7943
79355
61828
90353
92190
73226
65285
69773
55016
63522
23493
68068
83066
25137
31117
23433
17007
83982
12877
81936
46742
45649
41766
65301
72109
57932
56701
85989
78954
68148
67853
97434
6871
67237
36286
18684
15143
7209
46541
32898
6838
99559
59732
83667
25112
72535
13204
48229
3060
71734
93219
78738
9138
72586
81269
89133
19199
40815
10057
60646
52531
54424
89531
674
63770
83815
4675
36845
90519
30461
10306
7935
62546
22471
83061
99553
27474
18112
29204
25213
96792
38780
71870
87145
71435
38307
39975
50496
72378
62895
99720
25413
87177
48294
79884
27383
67271
86
80281
84768
29223
45180
11290
14991
11551
42248
95728
23050
61354
43253
11051
67634
27715
61761
94377
82477
23767
91099
33339
105
64025
77317
47982
28399
55587
1652
8225
84743
39230
1004
78127
61286
55651
16711
9199
36828
60577
27461
8699
89641
73264
14647
27168
91826
42173
1208
18946
4319
15762
91094
4808
86164
159
59699
40534
24056
44064
49400
63368
42166
4827
49155
2191
48028
34188
37572
96438
89191
11488
53752
82339
99169
1747
35695
54351
95105
84911
95734
73663
26810
96429
830
64926
50500
74890
27703
35950
10826
77469
82801
29342
49049
19745
32941
46075
62437
88259
88172
38231
33561
94920
80383
78639
48890
27494
75214
79543
66539
29638
89089
20914
77260
65170
93566
32984
94239
95779
99849
36403
7316
96264
82518
22751
44172
31744
65806
42182
5585
35979
90316
34498
96808
52126
2397
86282
32174
47959
19888
15217
87075
79696
42711
4425
63926
72756
11229
89489
27600
75265
73017
65127
67134
13575
96702
74661
77209
46440
17349
90442
78149
53410
7025
49711
50163
21705
25855
84244
49390
77351
84308
39576
47692
49144
42393
89402
38515
45301
90516
17107
24983
49713
9344
41697
3683
16421
28037
95640
67962
74715
89591
29120
38404
67400
90502
37239
73033
68877
27665
40174
31026
54358
67403
85806
66125
63884
73004
87610
49757
52423
52383
9782
84529
29290
31722
22656
98862
72559
80204
9584
24504
49037
30004
12407
22552
45426
16620
92800
42743
96932
36587
46638
42522
95410
88599
62099
55418
23979
86555
54592
31035
90973
59438
16067
39992
54114
21036
76871
68704
56953
25450
79682
78336
75198
36447
93874
45576
43303
65215
10921
66763
56701
67695
26828
10722
58306
96853
49490
40047
41788
57271
35697
85791
89299
63526
66733
87532
93061
46343
68732
35256
90325
34296
6970
40214
70188
31752
76556
96085
7967
24036
28222
21159
44485
29108
86583
60786
90097
31285
99093
17683
66687
8858
15239
34338
40372
28856
49805
1043
76506
18582
38819
17814
16982
14182
40720
29985
91863
67914
23847
42405
7137
97113
90659
57503
1806
94730
30164
78797
94310
61709
16244
84614
59907
48411
74328
61446
7543
18732
45057
44716
72881
43057
18004
21325
55179
43719
70350
42884
36777
84731
52324
15458
69142
53877
58333
37327
33651
80932
53090
94363
89329
45373
59823
97015
54331
36907
92325
19003
36635
25317
94094
22730
79503
77260
28504
21368
21710
92248
79488
46697
17345
35818
52379
25767
60175
80856
13712
20894
46781
31690
56702
49873
14871
43462
17790
38678
8592
68799
10259
73778
77565
85833
66887
23020
71514
35334
24453
31267
95196
53559
45024
78002
40503
54118
82684
11920
98499
38999
71687
65624
73995
30318
89561
595
51623
58780
97511
9444
89422
98096
30374
86303
13681
86532
25012
15176
19981
61316
83582
47243
25608
57074
42395
75967
77622
53964
76602
43646
9122
19102
54321
34208
62248
26714
88427
18186
30366
92195
48962
2136
86696
24255
51381
20961
40687
69011
31351
28400
57179
82058
10996
74004
88720
98959
46517
81981
36944
24070
55332
7934
41233
78226
72971
20003
78281
74975
90757
87694
22336
99703
50225
42386
30032
14794
14176
54241
10506
25520
14800
61053
14982
24710
36815
2555
71145
22273
17095
55589
97879
33848
13454
13371
24827
11005
45555
70780
82667
70835
95034
7294
54198
43574
18424
36787
2698
58326
80756
54218
83480
27250
91948
9778
3666
24565
21846
88234
42759
39290
82802
75696
85632
7142
39114
92745
77573
54014
21870
76763
27530
29840
91101
38383
93598
46664
43297
30701
78144
57453
59933
42976
94303
64774
46056
40495
31895
58190
58616
81107
17729
28971
90861
74364
31131
92706
11535
97167
78661
52266
68650
19700
25867
99714
16125
68524
28771
76266
71802
87064
59082
67690
49756
72040
73042
21577
56247
36313
59747
19830
44688
2671
58332
89222
58120
97973
21962
26347
99333
91588
93384
11600
26458
12267
25181
8382
97532
4686
79708
10138
89295
25469
54092
64669
73728
35980
8904
53027
46077
16790
70877
20667
15767
66422
13170
49360
92819
24775
64591
17062
28462
95901
76812
26971
38655
42293
86976
10225
612
64493
11195
82767
35634
1406
29936
15804
70288
52994
92605
51959
20133
39928
64291
89697
13382
84691
5199
40811
36947
7205
73124
88174
43048
8532
56344
74759
9438
40660
82634
96524
94586
1975
42483
52144
82326
73455
95118
25492
1252
46282
63147
1238
65314
17969
14620
53803
87975
40546
30151
33304
28222
60237
68936
99717
11703
33727
28642
81637
82138
92390
95890
42017
35839
64208
6560
3540
94173
83340
65661
39294
69626
40855
96740
12075
65259
35050
91071
44647
66706
30927
63332
38401
93117
98846
95300
30900
68011
57486
7702
25812
83883
96232
46854
89217
82273
6295
75216
1836
36103
52577
20766
45777
42697
57211
89938
18217
49935
27904
67781
18839
78704
78895
66993
50110
32599
4879
22386
45698
8988
20363
47116
39528
80121
27911
94044
18178
27005
14089
96366
247
60677
7282
20706
90243
77763
3242
25174
68184
13577
78254
45504
76380
61628
43527
18725
58791
65511
44932
97147
26266
69988
62844
48929
14006
95878
25389
11505
69983
908
72918
2303
55100
5898
39499
45484
45206
44247
73249
50263
58660
34939
21610
32926
3554
54053
30391
45399
33001
62426
90145
86775
63776
7009
64857
15282
19850
19835
92619
35360
3718
67040
50310
51735
94185
29603
29603
88861
40915
30933
46693
82413
23724
8729
62299
19370
65747
30845
16662
68872
15491
45936
80740
2326
65613
30406
45478
25275
94082
62522
89499
44364
4500
11008
30812
27859
82770
7225
57752
47702
79844
67231
58171
19764
68211
11710
98869
13668
81339
84951
64399
44843
32244
50414
22821
60839
75370
94219
42685
26658
50352
17765
86858
6430
74290
41670
52755
60845
22324
67379
34872
42041
68465
85386
86665
55137
62412
63307
92001
72066
63919
41767
28223
67921
39732
6564
17898
86733
82394
62132
76607
12877
30094
77363
37724
56856
64723
12455
31928
79651
53302
65681
94252
18879
49971
38159
40914
34686
30740
93346
63373
33197
95009
71116
91188
78187
88589
4624
53776
30745
461
73256
11165
18518
84482
31546
79153
20601
67357
90254
36147
27587
88371
82264
89056
12337
26445
70432
6705
50443
2637
4495
45244
64693
21620
54358
28889
29622
45211
76716
24498
40857
6314
11402
70443
60444
10049
41330
57176
32946
66917
47035
68082
13010
78248
77130
97582
30803
11192
31489
88668
24096
43318
94742
11359
53059
2476
79157
18216
61688
75443
71213
73063
89783
80917
46449
69374
99147
12563
34025
67627
91699
77444
38174
38549
49190
48030
37246
71875
3225
74386
19533
17205
17349
84083
63434
7766
40181
10351
98687
18622
67880
5231
13035
88165
35551
45454
86458
44847
79371
70457
49027
4912
42753
93714
46424
43593
14767
11178
54604
74670
55558
1857
65356
9184
82301
76786
901
2076
57904
72122
1581
37007
7483
6315
68969
47871
83332
25655
60672
24829
96134
1623
63066
38918
25626
17453
67665
79902
99821
41688
28785
60630
33688
43425
80158
76782
34372
33582
75740
14174
63341
37449
6531
36602
23384
96021
26721
98170
27602
20689
75272
20738
4387
22333
8487
84149
93108
50057
86871
49381
42854
17000
21077
86014
59442
21247
70367
31650
20944
16252
13894
57118
12295
9404
26096
37690
98342
17236
8235
52295
44209
56301
27561
17449
72732
18610
60609
24933
77385
5219
9584
92058
73523
20139
92425
36270
12568
7333
34452
17420
80888
62405
30913
74749
96508
6581
69673
25855
94204
22635
31063
68218
54545
70927
93206
5527
30331
63309
14122
44577
526
8329
1402
9357
83827
90904
94370
23013
72505
40829
50043
16484
9211
69335
88515
96136
57462
39853
61723
60289
17078
51684
5069
39325
34829
91031
76662
88175
43391
66692
77517
90406
68997
50505
86724
40826
93128
36407
51413
73904
17831
79587
41613
57828
56856
97722
70769
31497
95709
10468
25434
24695
22803
21602
43651
27264
30230
85211
38098
66147
59811
42119
48622
16516
31772
98635
99334
93552
78489
85498
24002
54132
65743
32002
39822
63750
59464
36176
45272
75333
61122
88440
25933
67296
41013
90356
98605
39212
18875
48274
7201
68366
15860
87447
65478
39403
1243
69109
32543
55403
42054
4786
19707
59290
45397
2289
21295
42848
43959
61036
40177
38987
60918
23136
15115
64953
81175
90640
23485
52462
71978
52932
84633
63267
38473
61429
63854
61818
10259
64327
75706
19346
97106
4525
88563
19255
8989
51581
12661
89506
19431
17962
66161
31200
60250
90069
93492
71398
15583
58535
57086
14382
68469
6386
61730
50627
3249
43398
69628
40140
21469
40419
15696
22236
50537
93319
31368
93907
23167
7994
90517
35281
23957
24109
28081
13922
83150
65755
40408
31094
38690
53904
7817
26828
92069
11220
92288
60783
75699
82889
57849
63986
73235
53200
37681
45057
76405
91661
24975
73622
59823
55
71304
77707
85900
56186
44250
17337
70976
54006
14843
29872
71622
44030
15890
94080
31836
42081
93946
5891
27992
56238
1643
93452
32963
5753
66709
23250
5668
45198
61380
15542
14311
77508
87600
56714
98426
67312
12265
69020
49493
55605
46244
72910
13068
98957
34485
70267
57642
73676
89982
20887
78684
95169
84934
99057
68427
44469
49918
64573
51728
61567
10175
59304
3787
95449
17442
4738
64902
57035
35278
14175
54065
49339
89836
63480
2017
14559
2658
34085
28719
84847
17053
68846
15572
60106
74528
50166
16903
78293
57908
51542
27990
1224
54532
44016
78621
99767
47600
21033
38451
65392
10277
60531
80924
3658
19963
81076
7660
96893
79054
34880
76278
53955
15842
37252
1824
83674
87420
69408
18539
73201
83835
54571
48787
92154
33914
85861
65236
94805
48871
32458
60385
50244
65248
42192
80216
27408
23585
68179
77530
28993
55760
38678
84683
93618
51461
38431
94968
45953
13074
39639
84564
68765
12043
25136
11071
43477
88395
67988
59932
47836
99126
43694
54023
50183
85847
32941
38749
36291
65462
22737
70075
59875
27758
25048
22692
56531
49316
69701
55525
90087
15799
87012
83880
61617
49068
4017
79381
48589
11964
62196
85285
52677
38066
29541
92988
52509
72463
11106
92174
25956
72685
54039
99179
36066
15914
70989
86302
7077
7806
91719
14351
57885
25018
79462
27070
63879
42347
65818
10773
81913
68799
19683
4336
4091
54942
64701
91711
82941
47556
99526
96817
67945
40355
61510
48382
77494
92282
71382
17829
42839
10111
35137
27291
20145
82102
19071
97157
81493
34812
81076
50783
47054
68910
66728
11536
653
10304
53402
91201
79183
96185
8264
29684
59146
78479
55409
13694
41607
83326
34809
62017
91662
62489
37364
78020
85493
8554
539
6772
50465
93029
93679
57912
67394
52290
20260
17995
82067
96651
41369
3378
86018
64724
89565
42635
79359
99722
1702
44828
76669
92151
18107
16005
30447
55215
46128
67041
30663
91910
37168
2588
32390
35686
97307
74440
40113
17079
95081
86930
30401
16763
45353
82239
89762
88773
10539
51140
30387
29796
18261
49088
22555
8886
78202
11005
92043
33424
79934
59044
93292
74164
27699
25133
53341
96085
61816
89731
15680
28585
48972
39217
19172
83760
67235
6896
29963
77148
84106
21091
96878
32282
79711
88026
5298
92209
7954
57140
64990
60998
37242
24456
26364
12189
17403
7581
96095
79052
45322
96680
49080
21917
69527
3026
52701
52407
28521
35305
69410
43921
72793
57699
692
98804
51328
98513
41583
73513
45798
4646
82934
28629
23071
61547
93837
71534
82422
76528
62369
91166
28959
95685
99127
14363
32717
67986
23559
22386
45288
8223
15769
51913
15276
89588
41480
75006
52165
39789
86413
34727
47486
15336
84454
25217
22983
29037
35740
70518
4785
76790
52700
19745
93844
98219
8472
73979
95321
43763
87695
44679
93230
69487
5611
60070
5523
78369
21151
27230
2479
31836
25022
59059
66533
46366
31419
11793
47546
22619
33676
31608
8772
83284
70797
71899
64528
37512
74931
33183
13324
89476
99588
3141
13288
20910
88412
58827
15079
3464
99543
49609
30198
10273
87656
65020
21023
77771
24110
77185
16883
89689
35675
82739
7348
27490
43979
71773
62030
50757
95141
43778
86209
24153
25305
24238
6390
38879
21849
96888
65431
6816
89609
2815
29175
89438
62339
28897
84648
13128
45759
13494
44983
50736
58862
88464
15423
41971
32054
47790
36463
96427
49637
17025
7453
23757
49815
77549
76284
91966
98649
20046
92157
73542
575
20539
98596
84192
371
43841
35624
81047
54027
84681
55811
97686
31521
89108
26689
78003
47765
71548
7511
66399
5212
85747
75979
91520
45896
26570
89455
69715
60569
92087
60918
68001
30481
3305
66953
38316
32458
47601
33636
31748
34501
79885
21418
91441
58904
9488
42429
62688
39964
99199
51724
35592
70757
99884
17129
11040
844
18707
26746
80743
48902
28781
8308
71206
79108
7298
20452
69588
22000
51033
44766
91841
67634
66571
5358
30033
82212
70219
28084
65910
29406
24463
64870
19551
24103
89459
85651
57286
33778
32144
61829
29959
29810
38651
73141
46761
21183
61923
37971
63636
28965
72907
6431
64433
43005
79901
93220
99826
38463
41854
2779
1998
39486
23211
73107
95719
78631
38153
2521
19898
44347
33366
66539
44491
92029
57335
31329
27330
27910
14014
17296
16374
40190
42852
91605
66318
89670
88193
32904
60263
25608
53850
5895
42932
61096
57853
79917
17217
4970
58560
73192
71486
3565
10323
18456
53006
82192
49113
55588
43726
82094
32677
353
51665
88205
91107
44217
99469
90847
40645
26466
3467
28901
47690
34780
48430
98139
5398
64430
5093
73982
91318
3684
77002
86861
30355
36475
1398
99190
55997
35653
29177
96355
13303
94151
30126
51958
76861
43293
70557
13710
77026
86637
71847
67467
72549
35032
48953
83853
89103
5563
89414
1797
7080
90090
61388
38364
59498
33619
73930
37490
36667
9682
91138
84291
92169
48407
33954
47958
50507
10287
26356
62441
93956
31924
75856
73357
14249
34783
6908
56007
26062
44000
45544
82426
4001
57504
44215
2830
30443
50771
86065
1373
46193
43728
5787
22686
58749
6550
699
78597
48244
18747
45699
93108
82216
7358
80024
58632
34258
55602
48271
64044
29482
90302
37498
33092
53549
92992
43131
12748
98590
70607
5608
3955
6709
91290
13313
82016
13412
87354
86479
1367
56699
43705
3627
52250
34241
96311
99083
48903
33721
67268
55439
3933
46090
50155
59361
4198
65687
85045
82005
2873
95392
5433
25317
5924
65689
28687
91208
84501
96134
94256
81365
11116
90778
57405
11154
49885
96078
4664
57346
50601
82591
37166
80353
98635
40869
20567
49155
43688
17347
50132
99575
63337
54560
52097
26916
80917
79977
78843
16357
56816
13471
84484
47634
39739
72564
76059
57801
91386
66058
81554
23841
40482
34393
22653
72998
37500
76150
6170
73186
42881
50526
56889
42872
10066
11848
89989
96300
58634
89300
69398
66792
90406
7591
75506
20980
43268
22361
37223
35304
34918
97765
20579
76136
21875
36741
74407
66362
30148
34195
72456
94219
65871
58643
44773
74632
7481
59252
97242
94787
87443
46594
1321
98786
472
7160
82547
88804
92860
24807
96576
90190
26122
79976
99904
99792
13861
21420
81582
50183
2542
77993
5193
68405
62529
36047
61954
47803
72163
76597
79095
75343
34399
41753
94813
22904
72766
98874
90602
95446
64338
7258
8267
70122
73512
26320
45023
55698
64888
68462
82815
17117
15652
89841
91852
49040
74226
60086
71022
52181
58464
56746
62577
11839
51550
85655
12576
17284
77607
5155
46665
16222
22352
49158
63848
36432
15672
8012
51424
78380
23970
94265
90544
88249
43052
47907
50470
95677
78993
20642
35209
82200
64434
54032
6789
77562
61171
59805
55443
48877
48703
51995
18379
58397
86086
30159
23252
70550
99517
19079
22737
62254
41807
39825
35758
11955
25263
61234
11943
31707
39696
41292
58335
42938
40319
84850
47264
39896
46981
90408
12394
13072
46309
75746
87044
42894
49772
18418
1881
50631
81325
90573
26691
2639
68160
3846
9243
27073
62828
86800
74152
73192
23399
23473
37695
90072
27139
81733
26071
72293
86999
22562
83718
41156
56278
37569
92884
73583
26924
24816
22046
39737
73537
99757
6687
40673
43280
22707
24281
99182
3340
86045
45144
82041
87656
95698
96758
90573
69062
98867
60230
48304
92186
29081
52237
46027
31287
26298
45072
1292
73001
42830
49523
65123
24318
67144
71340
2676
23889
64870
50471
99231
40373
67841
36229
86488
59818
70635
1655
9605
19198
60126
32594
26019
8135
65258
37739
59117
14250
52494
4391
77498
10200
6800
76577
71273
4109
53046
226
60907
20577
76468
65938
48890
84733
49910
22082
20680
9824
69275
69155
21254
52379
84212
93062
60487
37829
14439
5821
47231
44668
36260
5093
98185
61467
35567
56237
97186
13814
65649
83733
22538
4622
68010
43016
3797
3375
22449
70036
24413
34796
55411
81909
76329
21345
72383
51617
17649
3129
46441
18997
90629
69742
39622
41583
6769
75312
32347
50444
63300
15271
33272
60812
27615
46693
91421
59351
23906
18071
71641
46786
99032
28697
72814
67512
65341
73965
72539
27941
93676
68429
13694
90867
5731
9102
63030
18973
92368
9661
21245
91596
66748
76464
30433
70824
27331
5943
24036
7264
29241
60119
5711
73871
12009
11485
72921
48642
16127
90106
50657
40183
87685
69344
58253
89579
31855
27811
83329
7529
22790
34879
20170
89718
37139
56982
23399
47761
23085
19077
3244
69272
88896
42423
79703
23162
33857
31054
3452
37905
81226
6489
83179
85160
87008
46418
25948
93652
40222
16248
56153
46774
31106
85579
52585
7378
87647
54877
24318
93488
36557
74422
31752
58202
29951
16760
41038
10483
42659
79447
63746
62562
81533
57080
31041
6150
74414
44175
67649
11833
33848
34832
45666
60468
94984
25432
82832
94067
19077
79496
67664
20502
32684
14737
66584
63348
94960
59502
67946
85136
54803
33819
84682
69234
34244
99376
68508
22993
30170
6189
87000
40294
93096
14171
79104
79051
852
18343
42234
59
40775
22953
25620
96264
74061
4898
564
53115
51264
61257
81561
41292
52248
40996
50343
60518
14257
70356
47917
86559
23008
69014
92417
39104
35690
5334
60107
48575
25292
95001
6967
43545
36375
80079
81583
74472
26297
63439
94954
2397
68525
27862
67777
11273
44962
63800
66433
37499
37373
96130
3395
79292
61798
25199
97072
30562
30412
69606
55628
3688
14315
6154
14161
98940
72737
41168
13514
37221
86575
60772
51284
33469
16665
79506
60514
80133
40161
82297
58984
35079
48281
59548
73696
14284
38434
22201
34367
6084
80838
27295
54721
78163
39782
17267
27578
9285
77328
25577
50452
40347
94148
24228
41970
12839
48355
21981
43183
19251
12626
84488
91804
17675
81751
60418
73877
5543
82673
30335
48577
53400
99075
11913
10162
60156
59460
65797
50623
45900
40333
96911
73667
70643
27781
63672
74600
78068
77230
17039
73202
89352
54702
89053
31509
29283
84541
80864
82055
21872
91661
35072
24261
67761
2737
65028
76024
55165
21006
97496
32884
38864
12173
51300
83729
99462
42674
8535
64441
97893
88366
82172
68338
78936
40445
58476
90337
50999
9898
31272
43206
40650
50698
71277
11293
67378
21237
50774
748
961
85933
70769
66986
80435
88280
23885
71818
98275
15458
96749
56090
32263
92488
57309
57571
28811
2201
65419
66247
75584
63640
85532
98554
11907
26674
47842
76255
83201
85691
2137
34234
36840
8216
4931
84134
35159
80031
47287
22166
43704
67250
66264
46001
69272
14246
89446
59263
48555
33673
51103
17897
46406
25946
74181
77745
46359
29880
40728
20958
41417
70589
72099
1079
99754
8491
97333
81840
79574
84793
87970
22794
78343
80060
1485
64306
47153
43181
20490
88148
44969
98631
11517
33016
64335
69403
26799
569
10356
10726
66375
1419
77636
99517
26635
35289
72628
69151
4671
3032
80281
83117
23120
34797
75334
20340
71753
69512
73709
54867
69174
78452
98845
34691
4157
79566
71963
12234
89750
75538
56040
36142
91668
52372
22497
9706
85033
13548
13229
34972
40393
75126
65004
7299
29775
57669
50143
32994
2731
13438
92485
77719
88410
10832
68011
32766
80677
96512
70907
91603
71883
90197
16784
20848
7755
57061
57131
99037
99051
11719
94777
49523
52558
88389
21778
51778
49649
66515
56749
29849
53090
56243
46433
66734
6154
87149
34022
63588
915
9554
41684
52909
13528
93856
81858
5118
88872
3160
98069
64135
84812
84427
63577
51331
7255
9375
20684
43123
91957
39881
73579
89941
83743
3419
43001
69863
56126
97902
67446
78839
7484
1790
32489
74419
13450
63735
33656
59471
74575
58266
80315
83247
67246
20002
70909
70487
63783
17692
62319
13438
95638
7411
7025
59446
53012
53340
1382
3189
97426
5950
70958
12800
71468
41850
48474
86316
51366
98042
88889
88776
72145
10257
90012
88008
69448
41223
25219
43963
47795
16656
43996
35998
17114
57073
52544
14139
26515
44270
63743
76148
50009
67788
69941
63526
28428
50750
3531
51156
62232
22060
94323
42936
43952
82425
67935
1702
42311
51155
6981
65287
45917
59439
41953
72747
11179
13186
26924
83514
94754
58399
47289
38
88915
29283
28692
52655
70119
98719
33399
26207
12462
9692
31451
17050
20563
99831
9362
26500
63674
23628
13723
28363
52501
56033
81649
22411
80289
64260
65298
14047
89106
24728
45567
95765
14569
99043
73959
52919
53892
20354
40826
1539
32564
71654
58291
18292
36853
36108
53703
78633
40202
24176
70014
55979
31022
79300
47069
28029
72170
82774
64065
94745
97612
81449
3850
1622
81391
22881
60969
26890
12102
49103
80032
63016
26031
60753
92557
26214
92999
80467
18524
76740
87498
27044
20644
13221
75041
65411
31432
5145
6281
13633
43240
44278
56659
40612
13150
80007
3413
53632
52071
27701
91857
78534
6549
11433
94142
58546
19517
62474
36565
29918
78838
27223
27176
26921
33649
3871
8870
45122
52917
77015
71801
39705
52223
6137
98311
861
26002
67769
73595
74660
22038
31184
80128
48291
78512
1037
55004
84851
95132
71841
45356
59960
63135
2561
29225
84185
23069
9865
1293
41576
16425
97220
96456
68363
11974
54149
59088
66512
22349
63544
68384
47848
56644
34190
61827
63440
6722
32800
57058
20358
23731
15167
40860
81218
59546
83371
61742
21308
42249
77244
12653
90381
51527
87196
70277
50295
64008
81875
7124
49344
44981
26095
4077
74490
8566
30579
21412
6489
20221
34703
33619
29360
23501
38827
5949
28799
76507
48352
63214
55081
69941
55048
31365
24248
28652
39450
70654
79512
40108
76
43600
13621
87310
30165
45114
52004
30397
74138
43477
79575
43180
27168
73417
96769
31751
47392
2037
2238
24064
33513
73653
63363
41138
42100
21631
9600
2135
25161
84074
34504
68484
22309
5295
58974
58423
54988
10482
70824
10242
76260
22447
79496
93109
31654
29853
79344
44903
91951
41687
9353
51923
30646
66325
96742
16158
59059
90582
25987
14919
88970
18345
76751
36573
68690
92394
49543
98287
18246
88337
54091
59685
55004
53771
35737
29737
44773
23127
61831
40493
73942
69766
50569
77946
86405
12794
35122
75508
4699
75965
97185
64795
52490
96685
89115
9215
91526
14103
57265
78406
769
36149
56809
9285
30445
37255
6017
40839
61063
94942
45035
6058
35860
87303
59130
45713
16798
31683
18058
30641
14256
21924
83901
65376
23350
11760
77056
52669
58153
20861
75509
10081
62332
20720
46872
81963
39222
33643
53016
72306
53474
9247
31091
64877
98333
18631
71123
40766
43437
86313
4741
53144
37991
21930
83201
77096
33938
48941
53141
31904
70687
19878
58305
75991
82493
69863
94535
16312
24857
19478
57385
39996
86199
23111
43464
26285
75150
98570
10844
30232
99913
11306
99084
33578
86606
74341
9974
27051
83630
90402
72407
32588
27409
60031
75545
26973
63480
14405
69496
8376
74035
22952
89231
40868
27506
87187
67543
7089
17787
12640
99217
84080
97306
60034
76770
93722
7169
55390
58703
14786
1141
97262
24096
47205
28546
38159
88098
9924
30122
5843
41864
98954
15890
93859
96042
72639
17166
6765
93609
40132
51396
52872
30378
36169
24515
48327
3426
87709
802
71906
7074
6097
60281
61006
2677
109
90784
41063
69073
14594
55957
39467
74115
41035
93645
86392
87906
89738
12889
631
40294
25806
37608
58520
4253
8832
65833
10654
54593
64376
50239
96114
63737
58358
80636
94462
38920
90215
94374
23057
59203
26932
8762
99237
76633
76104
70647
35793
84750
83213
93855
8627
29959
67022
84176
17993
83330
43697
39576
25278
82409
23203
11462
64347
61004
42314
74065
67581
6318
53589
67557
42806
23111
6184
30579
85562
18816
13407
43941
84358
12322
82567
22624
60430
61181
29590
65204
79387
53779
91372
72751
70026
94656
28233
97038
49770
93794
74342
78108
78100
79598
8618
84706
72511
38064
21806
93962
57710
97093
95275
47605
43004
76289
90879
4794
24883
37068
79585
33367
31438
50572
58010
51485
7087
73721
75562
60535
35797
14736
10600
23682
37903
52611
76104
18970
71657
66463
46967
25206
58994
8939
33222
59416
78566
40249
43879
51949
53826
87186
52985
79827
43230
38713
86141
46957
44274
86262
59413
6011
17517
64733
72059
56869
29417
9259
78800
44167
70383
90135
4899
33826
89155
92937
94620
38793
44083
85121
39468
89381
96312
1990
22812
54081
50453
61076
39269
6214
19249
61931
79326
65016
84394
44661
9494
47983
69114
98395
73419
40277
25702
43381
13013
37277
75780
38077
14125
74811
88609
79753
49647
76547
76867
39074
24745
85573
33586
44041
31960
47330
5016
88637
90992
96984
50700
26159
55957
41562
44141
58270
18859
86274
10963
46308
6564
1373
29562
72927
8237
30760
73068
42710
46429
41932
44872
2908
89629
78696
6376
58052
40717
20979
22633
36949
11038
6942
64982
74297
13595
5454
89325
13424
32839
85006
95499
59215
50421
12117
46295
25931
81943
27673
84636
79118
84141
15118
52158
39888
44165
81477
17663
31352
25672
31632
44537
14458
36731
49426
22138
30571
34950
56091
83231
14777
16589
82139
9442
58541
74859
55780
72705
32839
97740
65493
25133
80537
75758
84183
22355
40910
14665
88561
28028
87359
26009
77516
22866
12575
61788
58435
50858
10542
96156
52056
62834
13889
95641
36799
39340
73019
80623
68987
32987
21777
81439
5355
73228
45980
98646
73394
63350
38177
90448
53562
16870
16263
93923
48915
70488
27770
42397
52793
78707
52341
76584
62133
85009
75694
91392
80356
33124
54262
42724
75728
53007
33640
29869
22164
20274
26394
70309
92487
29682
83757
74773
72232
62471
38288
85910
35083
4942
89789
38165
40141
4652
23715
26971
24955
72547
8113
76741
14863
91972
40863
23792
85897
23712
12292
78470
68323
89296
11614
43089
17441
83018
12701
47793
7183
32968
18871
51387
57870
64143
94315
28238
2539
84774
31306
29772
87582
35289
62296
94936
23651
23115
44135
32532
38141
77685
22574
75623
35487
68893
74921
82908
99198
69867
78964
77027
72186
10064
76047
70230
65514
82200
94187
57278
39804
18252
90531
86014
75814
24968
28739
97354
22413
28472
45317
13579
67065
17430
86040
58848
41700
42214
38068
94309
70145
23393
86751
53431
38127
83366
22312
82
73066
72789
40030
18697
86023
93905
62906
81978
47971
31408
56440
81664
38610
76876
36815
56470
94625
28689
46705
94116
16279
44109
99750
4736
78354
77254
4816
85501
98872
52353
98848
84477
96153
6835
72570
83231
85182
40825
60753
15288
3045
62705
31056
48397
94725
10323
57738
17346
99976
80237
50404
20281
53737
61353
84829
29639
62342
19630
762
68482
94754
47403
43804
29719
54091
84097
81062
31203
38711
32759
5638
17107
60673
80306
54059
9216
34505
72762
41360
8103
69707
64292
83330
55607
52670
23840
81232
9282
80924
9359
48154
1201
2393
53323
81379
65551
97362
86499
98684
94488
11840
93269
10019
87674
94511
14857
10141
26917
6605
37510
52715
4978
82667
32008
85842
64056
98321
17218
46357
70959
99741
94599
22715
1692
47033
27709
97610
80020
22489
78172
16989
3046
72681
91202
29153
59361
62131
25614
15673
42868
29630
53511
23470
29456
44917
57015
14556
82467
98041
34942
4931
6706
40772
33373
22070
61232
82280
84428
98188
58867
44770
18474
99882
73821
50237
71550
59959
77219
96695
30041
84690
43130
16110
30960
63589
61006
36154
22834
8693
27941
94718
2654
2946
33890
94305
4555
58071
30029
26254
15318
57304
21597
36987
80360
43065
7095
98061
63117
57914
13609
53326
86325
22015
85107
75578
48978
18359
59554
87487
87639
97053
70960
71927
92740
77607
18175
53188
33221
23536
74397
14406
19120
90297
81895
55899
92967
81127
59113
59343
88599
64771
70356
20775
72934
84840
13284
28411
46301
99948
43168
94793
90336
42772
50092
83365
60532
95174
45317
76580
84664
60939
97951
23820
84688
6511
28394
34195
983
14900
1530
3163
76155
17010
84948
37169
81015
82105
18396
69097
89176
20463
76234
59115
5877
76427
77643
16114
21728
22120
24053
85659
79179
54875
94140
52
79034
1100
48354
39154
18857
62922
26634
89330
41889
59550
62234
91284
15926
32801
33477
37796
35521
35580
27800
92860
49611
35846
58083
75556
34268
78100
84555
61417
2525
92286
89487
3426
39326
8443
29736
5144
12150
44309
2197
7049
30658
37999
21903
13596
48583
59119
13711
56526
16205
91140
71371
86727
32619
55040
41473
66883
29616
55575
38424
76040
87091
22523
34250
7642
22788
34375
51960
98451
82826
15079
9656
1132
79312
12245
71124
34384
93555
25006
95348
43173
58263
27436
38429
89662
36060
68175
9280
19758
80545
49068
8065
18301
98769
719
5569
59141
752
69704
41428
43915
98565
98414
29419
13189
16994
33633
71614
75868
39781
23440
53208
14027
81389
8625
2654
36229
47578
31210
93766
13541
2697
59177
564
87945
81934
78041
22189
80610
61579
21909
62195
38272
77502
86186
95350
13891
84733
59913
10738
65903
68694
20079
8193
3077
40754
6056
18103
51915
48720
8769
18707
63900
17919
50708
4163
69016
938
77125
8754
13857
13035
27532
71012
38991
87950
70295
37777
2940
83764
68063
67648
55010
85133
3270
50499
74238
98042
28020
59108
79987
7235
1260
16133
58935
70933
60998
6375
39840
78014
69142
18180
63607
7748
29373
72095
11332
73780
94632
65900
76852
83476
99012
17190
12408
28249
9871
11098
90469
35705
4559
27713
88441
31497
86796
23400
66655
87297
76012
10650
86901
70356
51914
38342
97286
35920
90512
16968
71691
25330
82179
59284
99192
28367
79898
28500
95233
21140
97008
66495
96022
11187
37504
64096
73508
19506
45391
13273
77764
69164
77412
60474
63492
54159
80125
36632
36217
4715
64226
8596
56951
98276
10553
89895
85494
6655
50723
12348
24555
29855
17133
25703
31801
92943
49544
75910
51182
48728
45293
35081
23548
93166
89109
81326
4315
82884
31828
30227
71352
77283
7516
21934
75006
17281
75362
17290
2372
23930
20488
32197
66164
54899
89229
65942
63020
88234
24415
38401
29662
99143
75989
32021
22398
75836
19371
48461
12465
97562
98425
83925
87839
88482
47772
76534
11417
95085
32356
85002
40725
48565
71547
77359
76887
70782
36609
70179
87151
60901
91029
35161
10195
1469
73852
41557
70215
11689
23064
46193
90845
77276
24399
15582
83569
12804
86903
48552
14983
92244
8428
39748
72029
47360
74889
12291
51636
60675
76685
54835
29406
42319
87770
23983
18252
94326
53718
2906
4316
69412
4646
30854
70386
27252
91879
7512
18533
94807
55376
39645
93919
33454
84210
52078
11703
77242
50870
19603
90046
80087
46133
76094
45584
10849
94620
30823
67038
3962
82837
34503
69081
84444
28129
76518
89916
80049
38362
34368
24185
19822
16111
49434
48527
24251
4032
7748
76121
31777
19770
1528
11242
38498
19265
59557
92435
53848
9124
48424
44055
7325
28834
58823
60230
20204
8423
62238
57794
78049
61085
86909
51211
11714
39878
40236
78368
56438
40340
64769
69091
60144
52761
29748
84809
1624
26966
87034
66953
55204
85026
24351
79814
64993
74462
25739
17792
82843
31400
3190
24655
38187
47828
1543
87163
2753
77465
30267
81860
78610
10576
76504
34081
29192
49946
58425
68346
560
43850
80829
22325
62712
63696
5706
62159
48204
95010
3493
6143
86028
81831
74714
53122
22948
12325
92516
89124
88169
18372
78102
23582
72512
3509
4861
8666
69606
6303
90951
36980
95756
39076
9451
69674
62663
13666
43864
69356
15969
24317
76369
25556
4712
54796
52002
18312
29419
70580
43333
84392
75566
59786
15825
55966
83908
29208
1367
60130
75269
96720
52444
19315
48149
38769
88298
67668
44015
65514
12002
87431
58312
75466
8711
27036
80235
88426
18479
18876
5853
12354
13852
25047
58624
21033
92367
47738
44422
28761
61862
30251
38851
46736
37624
78203
60410
40782
12214
39760
76939
52859
52585
24645
54646
43701
11646
75683
29383
22688
89310
7419
16153
1322
81599
79198
2902
91010
75973
26893
34951
33735
94424
23403
47967
37741
66184
42830
43586
34670
92942
40825
67208
98960
48674
81232
99992
24132
39855
14111
7917
74053
6948
30056
64367
28685
32312
80827
10974
44837
55632
40938
91830
58884
9807
67104
77938
4050
27299
59834
68116
86373
64103
39935
26108
80956
82770
89456
21181
22537
50393
85072
52325
96825
29574
5225
98054
28546
81230
53631
70052
3772
11293
7486
33980
97
98033
59868
82880
71652
71626
29472
68260
50791
76752
49173
90817
66435
52651
82893
10278
51501
39165
20480
97835
27608
2759
23079
52187
11089
33412
42211
97461
91527
87344
74961
27230
88792
26199
53071
72970
36071
48266
98899
30616
94536
45878
68298
21659
58802
53715
46916
44824
59029
53812
18143
88369
61018
17769
90042
99229
96309
82508
72569
45765
39061
50978
13269
43097
4806
76631
96814
98199
80865
73843
4412
16691
19708
53963
78720
49602
3227
82799
4010
82685
50862
43419
39821
29590
73619
88203
37881
44562
70909
66484
13550
66661
29382
17099
75960
79732
81305
21717
17833
85957
37175
89679
88228
39325
21409
2846
20799
20054
96598
50592
70570
15810
12573
74557
50569
54441
23827
45732
91236
72120
90296
14414
87548
59724
21631
12942
64544
77709
21799
81455
48935
14137
8854
50045
15646
58931
85132
39893
13285
62495
84445
25844
79782
55242
92775
25132
30896
15156
25256
7871
71161
67222
80383
83370
87536
3177
19706
3814
29884
9653
64985
84211
7013
86937
96512
28185
12536
21856
93391
12327
53081
72403
60364
26183
96203
81866
279
23341
77337
48610
38587
83172
35082
78725
16931
24475
37983
41518
60483
60449
10872
43105
76245
16734
39713
98387
63119
54669
38292
92361
97056
60492
75550
82898
26694
93462
16962
26213
6320
93392
511
53125
40270
53189
43169
7372
55434
15869
77626
95526
80705
96430
2385
16792
34977
10794
12991
26079
23382
73820
95030
83577
60253
45038
79936
87428
98783
53362
59919
57002
298
78964
63430
17386
80574
36127
71890
94865
59402
19908
57041
8444
35839
64689
35063
8124
32323
34880
50728
39539
90381
79309
10077
20515
95888
92817
14322
92483
29261
22284
74866
3690
50272
40339
78433
63652
19914
96775
27951
15545
67965
79638
27143
62070
85150
85809
59542
50781
40864
76770
85416
44223
32981
43017
46236
42046
8475
63761
91168
99277
58349
94690
65822
40004
9645
33253
3238
9899
58187
31868
9496
883
22678
50749
68582
26863
38561
15304
91534
95337
73256
45153
48994
63353
35050
67614
83178
19758
2228
58085
69060
39155
81587
86961
37314
2926
43634
18714
11611
93050
31912
19575
67106
78117
40295
14148
53888
93459
51862
71934
62691
56699
65554
20981
31109
36912
69536
64575
17588
3883
163
72354
46522
18083
66158
56614
91022
34553
26360
57528
60605
26430
36784
76157
70898
38237
97534
22455
92546
76814
95737
70082
49824
53599
68881
89525
59727
48409
38009
34733
61989
97730
50157
23117
75877
2275
43177
58724
7670
58013
56997
71985
22339
66059
70462
69762
79492
39559
18095
71871
2763
59232
35049
24501
15168
9395
87676
35990
93660
97153
51004
32549
77719
21607
38517
16814
88088
67410
92755
93901
36279
61402
86908
52334
34207
89038
34412
76231
87360
94048
26854
51607
46922
94172
67951
54284
66834
98591
36938
26647
91302
54742
62551
49342
10359
35036
52663
86618
41765
68862
3498
93173
24545
95804
20364
22208
1879
30378
42516
41465
90681
64860
74936
62674
43540
50041
11655
83418
27523
73568
59982
81511
17490
34979
14960
24591
96483
43941
34395
58596
4244
56106
18914
88942
41401
48009
74182
44729
56045
30396
22840
59087
80435
79908
22246
69209
96193
51849
25895
38964
89914
66094
28434
48760
5916
67934
45307
57845
62470
42854
8322
26970
92362
26626
71470
32106
89753
39147
27726
99233
56234
8175
1091
80925
26936
83114
15295
58355
18713
15159
60839
77097
29657
50315
41454
17628
8756
39574
38575
82785
48694
20635
37232
14169
931
72090
33689
23523
46527
5427
6663
85129
34177
67193
74272
533
48129
53781
56162
83050
90140
60433
15796
78586
17641
6711
75142
96444
87422
96437
86119
64094
52602
61692
8766
31528
28466
46646
83513
22478
99564
91208
36974
98417
78736
32243
34518
26767
90640
82575
91846
27850
11508
55076
48298
10428
11611
5692
73050
42158
75582
3211
23741
32301
89873
87481
89528
18008
31649
52900
62620
23449
30006
20372
9081
84240
81976
81806
6921
984
29674
7414
82480
72248
94731
57783
14747
61456
94366
22992
83210
92024
86160
74732
48449
31383
39499
34624
98233
53653
44254
76675
22963
53711
18477
21481
48028
79509
89622
72872
91603
34587
88698
26052
33464
65037
21790
29994
85338
4858
22934
754
72445
47084
41942
64085
89041
75838
37618
79226
43471
2367
11977
7509
24446
12595
72279
28073
17503
86684
4841
28231
26386
69951
15594
40077
73456
90104
65581
3955
18144
59714
81528
34341
96121
69378
61051
69230
3861
74278
20056
95828
5469
88446
8102
15142
96834
37167
12028
12326
14231
34844
67203
94162
32934
96337
28651
10173
39813
61445
89829
17047
41745
59272
23136
31244
75985
62607
40992
99717
48244
14589
77684
12867
88161
99668
30877
11362
10375
50380
28259
21703
62766
82470
16801
1150
98190
41155
70443
68819
15628
29682
42773
40899
36615
56610
25829
62145
92415
32036
93049
80189
7328
81937
43267
86964
64058
74269
24924
17779
10355
63303
38582
22740
72610
24989
1154
54305
49826
76324
31922
2528
51157
78578
32148
19652
86155
69144
32733
35750
70214
13523
28936
11485
96429
55437
49074
271
45544
90643
80997
54858
94174
75152
43075
61588
37241
42919
44302
33907
37857
32342
27077
72958
62313
19483
90579
71831
74533
9903
79013
17763
15397
35076
20183
66953
75278
29729
72797
55020
98342
27371
25631
4888
95373
119
95886
13897
95012
11516
89327
90239
71371
63339
63929
13433
5921
74459
34466
20706
11269
12111
68364
50590
3218
9878
68147
12599
97263
40589
62474
89148
60682
65125
69836
80377
35298
87530
11807
80541
71284
44929
70797
68733
33558
45000
4889
19444
17449
79594
50905
47057
12352
10000
7796
39454
33908
82431
89884
52218
32345
64222
32514
2905
27876
83634
45397
75084
6243
68948
74780
35977
96686
28541
52385
33300
15507
48593
99417
31966
7058
42789
12689
58212
17288
70508
24092
83968
30756
42300
57373
37322
28872
47166
33375
32377
59676
17047
89928
44580
68667
95279
74849
58428
23538
7310
23469
83502
7349
30690
94120
32136
66070
58570
31540
91176
84122
45375
20319
75955
1917
71656
12759
93117
73180
88055
40974
40013
54585
94527
61671
46171
51626
99060
16745
13232
92934
23025
55539
55939
5592
25771
85875
36352
71478
34582
8365
11940
93940
39216
72686
10987
79318
35536
40256
890
16106
60546
43679
44144
7238
88222
32340
47537
44855
50629
83687
10506
85885
96056
20910
54002
34102
92617
62982
71356
57981
22850
95018
30297
75606
59468
5056
75562
28390
81729
30919
98112
75801
20935
3184
81196
14286
84167
11551
56194
7003
67469
51165
68059
31314
84871
16860
97530
41393
92831
95081
36158
93679
17921
65007
128
42392
76397
99324
8194
29498
31612
17728
7919
48721
8283
83383
76949
21411
44801
40186
99825
40621
11746
52847
82037
90833
83805
40063
30628
95984
43507
51276
77675
57040
31761
309
56381
356
93097
2255
56171
22506
89570
19045
87230
68846
61421
428
93920
19229
59643
85524
61328
65605
34835
88412
48854
68447
16981
90847
34824
95024
44787
81256
15245
32733
94557
1409
13801
44405
62061
45243
18037
94893
19491
47739
68335
47407
50256
1029
70797
93018
71461
89515
30315
54311
50716
19866
71459
88547
50173
70820
93563
12478
13125
20221
57188
93265
28363
49240
88717
57278
76488
80327
2584
81085
23982
8467
52330
9203
40411
2592
21924
55440
99325
52332
41860
43521
89818
89480
29515
25192
11228
75010
90426
64914
94119
78626
50205
8797
53686
96391
83948
69691
48268
50897
60116
58563
22797
24172
70740
59515
45399
10160
47512
87333
33864
29406
95729
56626
96025
49466
58069
81831
67117
23719
45453
16681
64343
29172
99987
2043
80783
10852
62519
39304
81753
90443
73984
40166
30601
86845
3505
42727
3726
95574
16146
7003
29537
92379
47428
21725
20743
6247
37388
60130
64698
24509
22554
93993
7776
79111
20473
31771
56284
60807
72118
91871
45993
53902
87114
21044
24524
37794
78150
5655
47029
18206
7340
32301
71087
10499
27330
21354
66773
46159
60712
1178
65959
48137
88448
55540
18337
79778
88977
32478
6215
2962
2417
7749
33322
22410
68014
48495
73562
92879
91001
51934
12613
68743
42610
44663
80774
80096
2713
16445
28320
73026
61490
62142
1010
22217
91002
71622
75753
63973
53094
67411
48124
8058
79446
22623
128
75715
91201
82150
553
45837
9014
39787
35722
53480
12841
94720
1727
21722
25256
98385
39403
32305
52891
39071
69736
73575
1849
6366
68826
67002
87487
69675
99846
44867
81544
26129
84648
12768
75452
99550
22207
81703
51654
96165
66275
49250
25262
41425
60114
96248
97760
98076
32425
91933
12807
76910
69350
42207
36858
6965
15604
91708
46675
77503
19484
68253
53722
40451
62331
35060
60311
19436
80015
56816
39227
74876
11993
9407
63067
35122
27264
68802
50659
44997
88718
65655
95482
74121
77218
96621
6833
54732
49693
3306
86282
14477
27126
12004
4323
66962
91994
75482
80550
79700
11400
74771
27224
22156
43811
63230
67896
70003
88679
27586
26065
18578
40501
64421
78736
80457
27464
79188
53046
29808
14755
19606
87668
62180
12272
60351
18394
13198
99005
99832
53952
99618
38041
69630
20293
97377
26033
28367
64622
45499
92085
43637
40271
18492
23920
63083
50146
14828
51259
72601
41597
52634
62413
8613
67832
40325
62285
95045
2924
66936
82948
57682
26924
85574
83793
7430
5313
28341
76579
23320
75072
2514
97077
40994
28376
28410
84785
54279
20811
70994
13297
27559
53080
94072
64648
73811
1374
86544
20785
92840
37726
89016
14883
18130
97997
36038
14281
93808
20219
39734
35608
70642
12178
64347
60487
5801
95914
58787
73636
31559
55738
24101
73703
30940
77978
18595
54409
44609
62180
40726
95539
15359
18546
9437
95240
77220
41033
7208
56156
33292
20752
68185
43148
38137
93625
81058
87435
92925
50435
31024
10754
17529
37888
61163
53425
99176
76670
57123
25933
7800
94334
32529
93339
96194
22840
70715
22938
73522
56951
79696
75175
31782
16129
21796
56084
70235
7777
10326
22447
50034
60559
45512
60836
48004
9812
19147
68282
41393
58680
90045
20224
66665
59595
60131
13740
72562
34935
87796
87976
57717
61005
22190
4584
64125
45796
39120
52779
25310
15876
61140
96387
83009
22270
61151
15414
89751
50818
84970
64255
78502
85462
81850
12798
22828
92179
56974
27631
69934
24909
99642
26845
81110
65575
18853
49314
30646
17614
26037
23787
86858
84256
20813
31801
19844
38276
85187
98843
4255
64137
91294
83613
52506
78240
35315
77921
33353
82937
39573
45845
29125
42052
42467
25546
18491
8395
93085
58665
76189
22637
51547
18087
95997
44441
59696
94852
14163
5288
44281
9411
13589
12633
93910
65711
46946
61457
66300
7097
59439
17823
56067
23993
40635
22094
60274
83606
76188
84365
37804
58269
88827
2153
9938
85695
67415
82208
78926
81827
27115
45852
34939
15059
84836
61174
7698
41886
11114
93290
90463
82648
93113
5105
28373
35764
76433
31722
17851
69588
7920
11953
77095
34976
54430
39488
20512
26434
58985
47980
56214
99659
7640
98705
79760
55664
76641
34878
30491
10618
55325
18087
92525
98147
99678
60063
49823
1985
84398
56656
89868
70932
39709
78427
23048
51765
97751
22286
7273
54172
63954
66436
48161
68410
18455
27871
43643
20887
10913
36059
66654
12647
47017
49146
90683
6241
24246
14818
87391
16097
49761
11583
10241
76730
16846
37183
61466
63003
35695
44193
10581
97105
95658
51829
68818
61025
65632
6178
93959
47361
35172
23925
83496
30823
51225
26654
10042
14284
50492
40309
54817
83554
51332
12268
11102
16505
64179
13359
51165
97527
21812
72919
61447
27596
50728
27364
7940
79398
10105
5103
8941
99515
83584
75392
49363
2260
20680
45604
74423
44485
17002
94745
37616
88020
23433
26103
74478
96219
62803
8522
88435
88469
1248
40515
43724
75115
80230
95420
91667
1883
18590
1031
97328
90308
76294
6906
40221
98865
80563
12726
83913
90578
23845
66265
76635
89129
8328
64029
23730
55293
15862
50077
61424
63727
45458
14753
3572
96522
99176
5445
8649
22762
74675
20691
64842
43585
35371
77099
75744
56116
32499
33989
90189
37448
9473
13078
98840
54479
86814
65882
43935
71854
79285
27425
48968
39257
99033
13177
88386
1740
91024
62896
87452
35155
83003
79663
53825
1494
6524
45563
48319
1998
38411
21054
1236
27850
7210
85328
98656
59614
6520
15880
41158
78746
8438
22918
69908
26398
40238
16479
23487
11386
63714
12651
38818
15680
53455
21227
38038
55149
8113
41331
58977
61410
93780
49202
23572
84783
98312
77440
65418
12259
25299
33193
52492
94207
9543
71538
14449
47682
86534
70945
51190
11193
14603
40587
61106
92082
44984
73781
38014
8478
79340
72343
37255
79980
21435
75760
64561
63141
78913
96175
97489
68192
75049
95093
12527
14324
66776
37359
98602
17923
39977
91677
21181
13806
32171
44169
87643
7103
50013
92758
43529
36205
74752
55904
85648
93073
48519
91089
8865
20562
63524
46841
48651
95810
62434
57370
68336
49627
78487
94482
76298
23006
85468
46161
11333
60536
5545
42475
59120
2995
83270
38067
53321
62198
68740
6005
29393
13520
69291
8929
62782
95873
55507
66399
48017
41638
70195
18249
8126
45597
38749
31201
20713
96121
93146
92303
51421
28519
3894
8958
43242
38719
85015
74087
67380
49483
74775
26948
64407
39397
32790
92761
90346
39843
63483
5004
35655
68257
79890
579
75096
59212
4133
52100
99023
97823
63540
72909
25486
26843
75942
38363
13294
69437
35077
18019
32296
59214
33627
42870
75002
54648
71747
43686
44222
79102
42034
63115
92636
6392
48462
42815
49694
64229
21297
26928
14368
29448
86822
11544
54097
69433
85947
63768
31147
9981
54162
93301
15112
16348
51996
56875
31464
86235
94785
82313
26857
64735
17032
26758
6003
24324
24795
36769
44396
4232
78727
88445
68915
24125
96680
81178
23407
7433
15677
27435
54244
86990
31052
15219
748
54025
8665
94519
60983
67095
21053
24890
34009
57169
79281
4839
54119
64402
7372
51029
92613
96103
32695
73455
92496
28884
87926
31821
81125
87936
87549
11303
59513
81632
70337
14064
92169
56130
93616
12704
89533
74191
57090
906
99028
56489
84922
54081
18155
96845
87153
47323
66861
4830
90481
92790
99096
5335
81050
10006
55481
35022
81056
92687
43432
60657
1254
32597
76334
30658
53764
23123
73177
76663
78260
74629
68738
3663
1363
20693
88847
90328
28881
43858
97374
33115
18046
23101
53331
2100
82613
79254
70856
32620
26099
70482
39669
34130
64577
49657
21137
2965
48946
29346
7203
28044
51141
81286
40450
20009
16956
12299
23369
60827
19671
9232
98945
75349
21290
50441
64696
90545
39699
40036
70256
85712
31890
64329
83851
28893
18287
66721
46601
31370
12719
88885
20216
15218
88286
73220
40855
87008
19907
1923
60043
67306
73799
662
660
65936
3283
54847
82548
2316
23876
30405
64159
91461
44984
7338
61266
54781
6860
29211
4218
5266
88114
50664
38018
6544
85930
67671
84841
6062
53739
28008
9279
85677
65744
94745
29844
36649
7096
32209
85879
51084
75028
72956
26922
95101
34172
3078
97473
4238
83756
79836
79749
51113
42299
65621
85568
69347
97841
32306
8269
29969
95859
45189
61282
74096
66939
45997
683
6057
62132
99654
46629
75312
96358
77367
36513
90930
46072
46978
84754
17017
94886
62656
81421
63680
35618
46349
50524
67803
1339
87377
79651
43333
57547
50916
84251
97376
40047
2149
81153
7812
19158
85667
63980
35707
33961
28569
30743
73380
29129
72154
74467
21353
35478
51665
71093
29697
30155
48526
20400
85099
7481
18148
67595
4642
70015
29736
25445
52977
9421
1942
26290
60859
72128
14480
88898
10422
58002
44211
6963
47977
45154
34367
95810
86741
27717
72703
94242
41746
98996
99143
9295
34208
74861
49442
26379
96215
75025
35852
68297
25710
31128
44554
55438
17125
24442
4429
80161
1418
84979
42023
24891
31301
84764
24097
41656
94703
86789
82227
20301
81416
20401
66926
88782
80746
85639
91826
83983
14518
53262
68878
74126
28296
15723
49723
78997
84714
75410
62482
81918
18583
70354
21119
88311
14459
15080
43355
51159
53417
52037
7697
47162
24390
30383
26967
87078
86389
4811
37150
79890
78603
66679
44311
75046
96799
93977
25299
7461
79870
51585
91525
79409
20927
97444
18841
70710
49674
94073
59063
97395
81568
86827
41176
74093
9623
70675
23410
97469
44463
78826
2790
82594
27093
89255
22771
42527
79490
74144
79454
64293
56523
32287
62506
68534
89653
9421
35801
82104
20875
70249
51305
60947
22683
22160
90378
39537
69763
43602
74126
97115
9836
14214
77199
38569
4949
69510
87850
96954
21956
6726
30556
15265
45042
49448
99629
69407
49323
84626
80263
4217
74598
78708
54486
73429
66630
66589
61777
2988
17215
2953
38452
78839
27894
84407
70737
78010
13783
73219
70356
77742
2982
6212
6620
43317
61769
50623
18541
4211
68638
98124
51946
58202
56991
74050
31109
46164
59494
65285
69493
68124
44181
57967
56959
36023
84097
97932
44699
70667
206
99549
39534
63101
76711
2585
90546
58316
24445
32834
6602
78469
74335
85553
80356
48550
71468
5055
98242
99323
42019
75295
65490
94747
19119
33752
38264
76711
85636
66470
80443
78415
5140
12019
21329
80392
38255
4958
91764
84192
38181
1495
70433
95541
18370
59061
17499
93753
80546
20876
48817
81022
53341
57389
60757
59761
64671
89026
2790
59133
43927
43270
47571
53265
32516
15142
96024
84732
75454
6854
47219
58554
63369
97859
22175
64562
98462
95689
38791
50556
82268
43773
23566
5849
70695
3892
26304
8759
88776
29343
11522
82994
55842
58883
12992
73214
75686
91155
55493
24501
84904
6348
58783
64682
41324
19655
36672
14488
12910
42337
12677
45735
93142
4341
36622
31096
39938
45025
54783
80071
72050
89775
25302
20595
48840
93329
73206
68283
45840
48762
10960
32325
83678
44949
28180
94136
74704
92023
64857
68785
32643
1152
35109
46289
31365
69621
34648
84952
57675
82636
18690
59448
24485
52338
42571
53588
51615
55118
33623
6061
35640
45191
17026
38509
23766
96434
17843
50219
63852
89238
56820
45165
5967
23424
37288
24791
50789
66395
39509
21355
29463
84513
48015
14667
4866
18077
69243
16117
49875
2854
53091
42716
25818
86507
88816
35028
20097
77607
19222
74593
54279
14710
32794
60240
78725
10499
58928
59494
3412
97474
60430
13420
78168
69178
49439
31331
10432
10613
40940
24629
35709
84770
43154
33206
90195
61007
48305
79647
90024
6916
81853
99475
12842
90580
68489
80368
18448
1004
79515
7767
78012
56934
42081
98447
45410
19192
91271
36530
88776
65766
59532
12258
99996
41729
47837
86325
22872
8280
75930
71563
67171
74412
85595
39206
44157
86753
50409
64256
15906
58713
39990
22226
70924
86286
6491
1567
78250
16685
95140
82588
80624
34062
93210
3084
60240
44615
31156
97566
97593
14591
25692
85115
46310
37009
76601
6005
4699
97221
5019
43913
21009
29151
62860
46330
23308
58830
38978
74555
66511
36669
35658
47869
70875
51705
30803
4785
82623
35772
6203
88923
61525
55169
49016
81296
52075
59530
18732
12875
40724
27367
64689
65126
29595
63198
19706
30442
94490
63714
4542
83988
96437
74776
72685
47238
82603
70264
43289
9585
99342
25668
16589
42183
53358
16271
32509
81948
15919
89043
88238
59993
11952
44933
95018
35127
60021
61005
99152
83813
99448
59527
60325
46925
23120
77180
86586
60718
72081
82242
85550
90349
86520
85966
4531
38379
94488
19504
91190
43444
48214
21527
70011
60688
86340
19493
73012
10028
56873
53768
60723
58777
84827
77318
58274
64321
58573
58530
36504
11733
62356
76526
3043
75483
69893
25364
14603
29690
78270
96638
19682
85103
79331
72152
16024
55061
46809
49261
65419
21175
97869
64285
11536
92811
24057
39437
28177
31470
20164
89014
27975
34945
338
3279
82804
67593
49504
26772
6811
5625
77387
15059
77805
61161
38170
85621
48296
70592
11465
9411
37674
78097
69616
72865
60388
99170
73104
70712
42152
24828
51712
95501
55093
19503
67673
26520
56338
95645
52342
46558
41568
42461
65405
46388
3947
13480
59532
55292
81809
35063
82018
71728
98781
5375
49500
79623
66150
20934
89550
75163
39559
40784
26198
48259
25253
10337
79701
25228
76867
85635
30903
59696
95104
67570
62155
11859
12478
58444
3608
15538
57496
97339
37331
38056
19158
21425
36992
94515
79760
57506
422
56673
5734
17446
39738
80984
81743
54367
23167
67521
2579
53974
55208
32635
23390
38274
95289
52981
59375
61032
74150
86693
18050
6583
51460
65050
62847
76271
87086
38256
31646
94282
55307
42411
3983
73939
56273
96478
13974
92235
95049
66106
40774
45221
43583
98333
52601
54701
71153
98898
89524
56743
45152
66189
6682
41328
11295
30509
33469
56122
69746
31245
99770
53721
61955
1236
51561
89175
98866
50424
97369
13264
80660
57012
47552
28948
34101
8501
45909
25939
46059
89944
91068
23068
86522
59003
89426
18825
78715
65361
88883
43365
63458
96435
55245
50511
70554
10908
80200
25508
64680
70514
63891
20360
96608
89403
35860
3788
40341
35021
97174
16208
52069
54318
88209
17845
56635
58400
74524
25493
51346
33973
44394
25383
49654
20811
31269
87440
40253
64674
74008
7137
23134
82782
70862
46639
57852
20252
71224
87850
1477
46625
60041
37033
46481
20937
85931
79331
41621
98394
78340
59698
9499
82429
76861
66347
86896
19260
11393
77894
66453
47877
49028
6369
89651
19497
76523
74816
38631
84000
10381
15927
88507
40092
65874
23765
80335
90880
31314
35611
14471
63145
18834
5157
64314
82123
5801
61893
59875
97816
14317
43285
94275
81132
40934
54377
53067
79658
30787
46351
77093
16283
89522
16590
75627
38463
56223
65476
62447
65772
68756
78803
94638
62846
85918
63374
16937
43501
19184
78797
17698
66526
61562
24060
96797
95729
92555
4198
36993
84084
55892
39024
87156
29929
31179
19076
47248
82989
36686
17594
69553
19390
34842
78635
18538
24978
12410
51292
19737
30754
54665
51889
35253
81403
69286
16290
98373
82752
25401
61003
73118
16815
35244
26987
65639
21522
24561
26106
54187
63511
98085
38086
26698
50098
48324
86536
57033
84436
71976
27067
42739
30612
14957
76918
58463
37510
23040
59828
31461
10806
75676
30853
5088
8946
28394
97388
42378
9113
90639
82793
23305
67188
59378
47236
75641
15685
72809
81040
72281
47231
67901
16926
47526
72897
80664
56481
19675
26607
48663
71690
963
92746
9998
13934
69849
18428
60697
8520
77882
30245
27349
37539
22394
28169
9994
76783
7188
43151
13825
28687
83040
54248
51613
27831
34621
46178
22369
5554
25139
78746
71606
22326
12294
59554
75147
6094
14160
49837
11307
35901
37699
37900
62145
22057
88482
21964
68567
33165
3877
3445
36853
4085
4833
66206
44361
84509
71530
4631
25670
43643
35388
30422
9424
94261
5627
13940
46320
96250
20981
81485
76587
94603
11116
61
88747
31352
57006
73922
45902
86564
24374
42236
93904
12067
91791
53513
68270
46652
85568
23314
77663
19549
84664
34685
73581
15564
6923
25201
13400
20734
96475
27244
82871
97378
32265
45456
29549
13060
38470
91507
22946
79305
82883
10508
76127
36557
97805
67755
17045
6118
34585
71478
17721
20240
43027
19225
48091
93694
20822
30198
78228
30214
78774
77656
17177
36058
92406
15356
64158
93133
28011
47124
32845
57623
39740
29812
91950
31507
13149
36154
39702
75215
69689
25295
1648
36821
96571
85586
10620
273
44669
2659
68408
30940
49020
41683
98992
75777
94411
77834
49739
86892
22625
93588
40710
98708
99866
71256
43797
46870
78569
60962
92752
90049
790
52501
56912
53746
18100
55758
90291
89676
76390
65769
76592
30103
41706
30002
2546
9869
68154
76085
95214
89890
42893
48050
79216
94237
94749
55607
77721
85703
54034
63256
80198
13599
23601
60888
56781
75640
63268
67319
56473
28574
38218
74422
56889
14899
83018
81564
65746
78743
26812
78972
41102
15309
77424
62558
10822
2566
86809
3271
31354
22306
8035
60840
78010
59200
18488
39018
83277
70149
86557
28596
53583
92346
64491
34562
85241
93139
33006
25526
59874
50976
41285
63874
39880
55126
98797
12811
35897
53203
22930
23414
80232
4571
29871
60885
91768
87229
44631
2087
55253
69820
87231
66642
2674
89295
39771
37457
83809
30406
38422
34859
18525
23926
97087
35233
33871
19651
70371
84275
62389
28886
60640
14008
66450
99901
67953
71899
23871
43064
36497
38304
23779
51078
35605
9475
94255
15014
97565
10846
59730
48227
33456
20386
36292
60908
24937
36438
92962
17960
23499
89702
96883
67378
16486
73537
16481
45429
10133
90449
40475
67702
17756
30638
97656
77169
79062
94369
85656
54124
7583
70443
63045
74908
17635
18941
13412
93622
96855
44693
53792
28437
223
93116
97240
18644
40067
38513
88715
70154
45011
69428
82614
90254
58297
45513
18292
3822
57021
90978
82623
3319
97548
33655
85458
6619
24876
84422
39914
58018
48918
14526
86888
61385
89129
69664
37520
64136
73669
3105
78819
65164
93485
78504
29020
9017
15200
84609
28609
63371
86962
11608
50048
97493
69808
10508
89508
55813
36991
88161
60368
74197
8161
82614
30971
55164
71264
87626
53452
3110
14040
41488
58461
74760
98281
25990
79018
26839
66673
14625
18883
36314
94355
81227
20371
52038
35330
63336
16020
43676
56822
89160
8436
28105
8735
24136
9843
80456
93140
87789
24051
51274
74589
77136
50857
4153
48775
44510
34465
23743
83096
71935
50047
56981
67647
93737
37852
61595
7477
5825
71615
66950
50888
14674
170
71906
47280
22061
92727
24368
88450
33939
85483
89366
45382
69691
84007
56460
45939
61005
78245
96406
48277
60779
64876
54857
41426
96890
81339
91769
22751
75173
74416
4212
29100
12726
53518
97636
32146
96076
89510
90660
22883
85890
45634
38077
21015
1446
93993
25568
88389
90163
62010
64998
7429
76850
63922
72236
26835
52692
39151
24511
93355
88241
60595
79667
66241
39162
92236
38492
30271
73340
6698
76900
31032
29301
12327
3673
7523
72690
60534
35371
95685
89804
613
86044
59834
86883
95996
41626
33287
23293
21916
5987
38498
76198
70917
65095
34853
22202
32400
43841
37166
67745
99829
10810
81467
38359
92665
69771
59254
43290
55577
86192
23407
98123
68254
11455
85319
56336
26025
31517
94014
17279
9211
36532
73712
23710
77879
78515
70215
79256
58096
6945
66255
81437
45684
98422
88399
29424
64239
90739
36769
75488
30074
23124
87106
38057
30282
83805
92848
2858
10344
35979
8980
70875
38016
81599
48450
11624
24286
81964
64801
88426
46726
5608
7748
435
42225
34035
76991
27515
48933
80640
70588
40951
41254
82291
41575
54057
71941
51198
68024
27932
53481
38135
73468
91459
69477
22840
69863
90154
37034
30704
1199
85534
66143
96372
242
88055
86384
21585
3988
44337
65793
52199
79619
31578
356
76586
39482
35160
59274
38095
11095
75863
47360
86445
55812
20620
28788
74582
37984
80937
75338
83252
62464
22873
46665
34797
30843
5561
42188
15770
90841
26412
38309
70413
23918
78183
2567
68736
80347
77970
84234
3042
95121
61808
76234
97239
83664
26960
71188
66859
32424
39401
17046
31352
13563
55006
45331
45341
17905
64180
60337
3972
25472
41760
18912
66969
14384
76571
53856
28353
95325
2105
53937
4462
50512
79121
76595
3982
23255
37730
78253
75425
34236
77203
25377
87377
65391
40655
45414
64178
22778
52037
63809
51534
83216
61015
18249
95193
18650
73821
59830
73436
58337
78501
70118
86278
21792
17052
30740
42024
31927
92157
78797
82949
860
70306
52991
43412
55233
33127
71428
92866
10803
96007
45443
96506
66316
59647
46201
27983
21292
15215
39815
44058
46616
38256
6167
23871
98514
18662
9206
26152
93780
77589
556
15751
29475
33332
57972
74421
88762
55907
55496
77083
46719
22605
91969
29991
16686
59340
7547
73140
55068
62105
82537
60301
43850
82265
13475
473
75670
59719
87867
78856
39110
6884
18588
46167
93709
98265
37483
77395
15150
15282
18659
81070
41231
83551
20706
36465
84312
99512
51714
29006
24896
7093
86818
72305
10505
32305
24175
7774
96279
29676
10648
68478
62293
15987
87926
56178
99147
33910
45190
12085
33262
35186
38305
95055
57925
59913
81074
83785
1521
63875
49377
73850
14003
99785
42617
61075
44457
59064
44178
35551
5562
25262
57974
96644
4086
78605
7395
80756
9554
46323
4833
11419
93617
58180
4022
69947
97876
26160
68806
86362
64455
89277
85513
5914
423
80848
6405
89601
2334
68875
72922
53092
11828
94803
66847
56072
56554
58483
12520
98393
8123
87229
31332
4172
48630
15382
97912
91476
81929
57773
41919
36883
97083
20166
33178
80658
34742
87590
15394
25373
61935
34703
57984
46575
37771
57056
98246
57042
44367
21368
88801
96849
37660
91717
85579
13835
55130
5137
73143
81058
8912
27180
57824
13919
13461
20219
70898
50614
67029
39866
93833
71561
8598
19923
73704
7519
30462
21767
51179
71066
18490
43584
90812
44636
7165
35761
32191
55153
77945
90225
58565
28475
86505
37255
71758
75577
51874
12060
81324
40674
61629
88917
12922
18211
28084
49022
19699
67053
58250
70855
98077
68079
53204
89223
57828
2092
71285
18356
46421
58615
35795
52945
58653
36876
65978
50307
97535
39233
51678
60245
27617
97592
65910
11075
41196
44719
23085
49503
35809
99863
9043
34959
62380
17188
37874
33724
14526
76475
24654
67137
40611
72090
7135
76486
61146
54354
87017
43714
28003
26038
24426
99802
20296
12882
98407
10398
74146
73102
39880
9010
5741
8549
86949
24505
34324
53380
61800
24064
60300
23931
56798
56835
77574
690
12288
16792
9074
33043
21499
2951
65917
63557
4712
19998
91029
21176
72510
73917
76156
32157
16859
97281
86431
36946
40239
88605
27083
52630
17674
99301
78069
33358
31944
38194
39711
24389
72172
79689
74176
73832
78752
97531
78376
81464
59291
60631
51917
53055
4257
58775
86737
3506
50434
29494
37467
44276
7799
40857
80494
44497
23281
20541
10012
51369
22593
81934
91541
65493
80879
69567
85967
30147
26920
59259
1737
72748
27788
94771
99105
47281
74320
61353
83776
28147
78462
50615
72063
76409
97799
14233
10311
82623
62686
51821
23686
48384
76268
86995
60448
84102
48193
44912
62438
45279
39342
88041
7208
60337
10309
2235
83884
5397
45044
62704
96973
6766
70404
8813
24003
73664
99601
98182
6935
57492
8312
74567
91774
14613
45371
13378
63534
35537
99122
9329
79390
12747
94541
73257
68762
29829
9673
85878
97364
15559
74158
19460
66745
16719
44137
19759
68476
57414
58600
64673
56741
75663
49862
13276
30408
36071
28123
12986
37031
83923
50070
82270
24640
3893
59592
74516
65820
85487
54800
79530
62684
5244
49538
70960
24023
86394
21546
14380
91530
95956
89177
79204
22771
46213
22205
56026
72614
48133
81374
470
23009
50170
1077
3061
14282
45390
67885
29479
72620
70311
69156
34324
27928
1548
8059
76064
34514
3838
96031
55870
18566
21661
37440
81032
11178
5599
37021
4681
87107
40184
29862
96034
17255
11216
96449
23212
87227
25699
87888
40359
66120
11250
72128
32981
53680
87200
23519
10155
82934
86785
68823
84625
85760
32076
48810
8964
99596
42234
35339
69066
22835
88976
75473
60053
80395
25041
49956
44605
38352
16952
95542
86646
70263
86608
95850
9945
57106
32995
39571
41258
18077
38112
92620
98743
83882
46359
51497
53080
33670
8959
37779
25782
81081
36283
36925
7771
25923
99410
56746
89062
89020
23402
85630
22572
52083
20944
81750
33946
75941
12712
97305
74759
43713
10498
79454
63498
70334
99561
80118
70569
82410
